2026-03-10T23:38:50.9105891Z State: Stopping, Action: UnmountingVolumes, LastError: ContainerTimeout, LastErrorTimestamp: 03/10/2026 23:38:50, LastErrorDetails: Container did not start within expected time limit of 230s. Please inspect your container logs for more details., Details: Site container: azappeqxshezlak6lk terminated during site startup. Cancelling site startup., DetailsLevel: ERR
2026-03-10T23:38:51.7463053Z Site container: azappeqxshezlak6lk_managedIdentity terminated during site startup.
2026-03-10T23:38:51.7464260Z State: Stopping, Action: UnmountingVolumes, LastError: ContainerTimeout, LastErrorTimestamp: 03/10/2026 23:38:50, LastErrorDetails: Container did not start within expected time limit of 230s. Please inspect your container logs for more details., Details: Site container: azappeqxshezlak6lk terminated during site startup. Cancelling site startup., DetailsLevel: ERR
2026-03-10T23:38:51.8575406Z State: Stopping, Action: StoppingSiteNetworks, LastError: ContainerTimeout, LastErrorTimestamp: 03/10/2026 23:38:50, LastErrorDetails: Container did not start within expected time limit of 230s. Please inspect your container logs for more details., Details: Site container: azappeqxshezlak6lk terminated during site startup. Cancelling site startup., DetailsLevel: ERR
2026-03-10T23:38:52.0467513Z Site: azappeqxshezlak6lk will be blocked for 4 minutes till 03/10/2026 23:42:52
2026-03-10T23:38:52.0468396Z State: Blocked, Action: StoppingSiteNetworks, LastError: ContainerTimeout, LastErrorTimestamp: 03/10/2026 23:38:50, LastErrorDetails: Container did not start within expected time limit of 230s. Please inspect your container logs for more details., Details: Site: azappeqxshezlak6lk will be blocked for 4 minutes till 03/10/2026 23:42:52, DetailsLevel: WARN
2026-03-10T23:38:52.0474959Z State: Stopped, Action: None, LastError: ContainerTimeout, LastErrorTimestamp: 03/10/2026 23:38:50, LastErrorDetails: Container did not start within expected time limit of 230s. Please inspect your container logs for more details., Details: Site stopped at 03/10/2026 23:38:52 (UTC), DetailsLevel: WARN
2026-03-10T23:38:52.2065147Z State: Stopped, Action: None, LastError: ContainerTimeout, LastErrorTimestamp: 03/10/2026 23:38:50, LastErrorDetails: Container did not start within expected time limit of 230s. Please inspect your container logs for more details., Details: Site stopped at 03/10/2026 23:38:52 (UTC), DetailsLevel: WARN
2026-03-10T23:42:52.0507717Z Site: azappeqxshezlak6lk is unblocked.
2026-03-11T00:12:42.5697782Z State: Starting, Action: EstablishingSiteNetworks, LastError: ContainerTimeout, LastErrorTimestamp: 03/10/2026 23:38:50, LastErrorDetails: Container did not start within expected time limit of 230s. Please inspect your container logs for more details., Details: Site stopped at 03/10/2026 23:38:52 (UTC), DetailsLevel: WARN
2026-03-11T00:12:44.3586678Z State: Starting, Action: StartingMsiContainer, LastError: ContainerTimeout, LastErrorTimestamp: 03/10/2026 23:38:50, LastErrorDetails: Container did not start within expected time limit of 230s. Please inspect your container logs for more details., Details: Site stopped at 03/10/2026 23:38:52 (UTC), DetailsLevel: WARN
2026-03-11T00:12:51.6659413Z State: Starting, Action: StartingSiteContainers, LastError: ContainerTimeout, LastErrorTimestamp: 03/10/2026 23:38:50, LastErrorDetails: Container did not start within expected time limit of 230s. Please inspect your container logs for more details., Details: Site stopped at 03/10/2026 23:38:52 (UTC), DetailsLevel: WARN
2026-03-11T00:12:51.6660828Z Container start method called.
2026-03-11T00:12:51.6661833Z State: Starting, Action: PullingImage, LastError: ContainerTimeout, LastErrorTimestamp: 03/10/2026 23:38:50, LastErrorDetails: Container did not start within expected time limit of 230s. Please inspect your container logs for more details., Details: Pulling image mcr.microsoft.com/appsvc/node:20-lts_20260115.4.tuxprod for azappeqxshezlak6lk., DetailsLevel: INFO
2026-03-11T00:12:51.6663220Z Establishing network.
2026-03-11T00:12:51.6664190Z Pulling image: appsvc/node:20-lts_20260115.4.tuxprod.
2026-03-11T00:13:33.0291262Z Container is starting.
2026-03-11T00:13:33.0304862Z State: Starting, Action: MountingVolumes, LastError: ContainerTimeout, LastErrorTimestamp: 03/10/2026 23:38:50, LastErrorDetails: Container did not start within expected time limit of 230s. Please inspect your container logs for more details., Details: Mounting volumes for azappeqxshezlak6lk., DetailsLevel: INFO
2026-03-11T00:13:33.0307435Z Establishing user namespace if not established already.
2026-03-11T00:13:33.0311965Z Establishing network if not established already.
2026-03-11T00:13:33.0313074Z Mounting volumes.
2026-03-11T00:13:33.0318488Z Nested mountpoint site/wwwroot
2026-03-11T00:13:33.0716249Z Nested mountpoint volatile/logs
2026-03-11T00:13:33.0815903Z Nested mountpoint 
2026-03-11T00:13:33.1114170Z Nested mountpoint 
2026-03-11T00:13:33.1748367Z Nested mountpoint 
2026-03-11T00:13:33.1846846Z Nested mountpoint 
2026-03-11T00:13:33.7949816Z State: Starting, Action: CreatingContainer, LastError: ContainerTimeout, LastErrorTimestamp: 03/10/2026 23:38:50, LastErrorDetails: Container did not start within expected time limit of 230s. Please inspect your container logs for more details., Details: Finished pulling container image and mounting volumes for azappeqxshezlak6lk. Allocatinng the rest of the container resources to finish container creation., DetailsLevel: INFO
2026-03-11T00:13:33.8022521Z Creating container.
2026-03-11T00:13:33.8023623Z Creating pipes for streaming container io.
2026-03-11T00:13:33.8026508Z Creating stdout named pipe at /podr/container/pipe/cf7d294e5c9b_azappeqxshezlak6lk/stdout_45d424f964ec45bfa18319f2d1376814.
2026-03-11T00:13:33.8036379Z Successfully created stdout named pipe at: /podr/container/pipe/cf7d294e5c9b_azappeqxshezlak6lk/stdout_45d424f964ec45bfa18319f2d1376814.
2026-03-11T00:13:33.8037288Z Opening named pipe /podr/container/pipe/cf7d294e5c9b_azappeqxshezlak6lk/stdout_45d424f964ec45bfa18319f2d1376814 for reading in non-blocking mode.
2026-03-11T00:13:33.8038161Z Successfully opened named pipe: /podr/container/pipe/cf7d294e5c9b_azappeqxshezlak6lk/stdout_45d424f964ec45bfa18319f2d1376814.
2026-03-11T00:13:33.8038845Z Successfully removed non-blocking flag from /podr/container/pipe/cf7d294e5c9b_azappeqxshezlak6lk/stdout_45d424f964ec45bfa18319f2d1376814.
2026-03-11T00:13:33.8041527Z Creating stderr named pipe at /podr/container/pipe/cf7d294e5c9b_azappeqxshezlak6lk/stderr_5134d323829d40cfb6825b41361d68bd.
2026-03-11T00:13:33.8049439Z Successfully created stderr named pipe at: /podr/container/pipe/cf7d294e5c9b_azappeqxshezlak6lk/stderr_5134d323829d40cfb6825b41361d68bd.
2026-03-11T00:13:33.8124087Z Opening named pipe /podr/container/pipe/cf7d294e5c9b_azappeqxshezlak6lk/stderr_5134d323829d40cfb6825b41361d68bd for reading in non-blocking mode.
2026-03-11T00:13:33.8127224Z Successfully opened named pipe: /podr/container/pipe/cf7d294e5c9b_azappeqxshezlak6lk/stderr_5134d323829d40cfb6825b41361d68bd.
2026-03-11T00:13:33.8128155Z Successfully removed non-blocking flag from /podr/container/pipe/cf7d294e5c9b_azappeqxshezlak6lk/stderr_5134d323829d40cfb6825b41361d68bd.
2026-03-11T00:13:33.8132538Z Creating container with image: appsvc/node:20-lts_20260115.4.tuxprod from registry: mcr.microsoft.com and fully qualified image name: mcr.microsoft.com/appsvc/node:20-lts_20260115.4.tuxprod
2026-03-11T00:13:34.2466236Z Starting container: cf7d294e5c9b_azappeqxshezlak6lk.
2026-03-11T00:13:34.3076844Z Starting watchers and probes.
2026-03-11T00:13:34.3183678Z Starting metrics collection.
2026-03-11T00:13:34.3272282Z Container is running.
2026-03-11T00:13:34.3273282Z State: Starting, Action: CreatingContainer, LastError: ContainerTimeout, LastErrorTimestamp: 03/10/2026 23:38:50, LastErrorDetails: Container did not start within expected time limit of 230s. Please inspect your container logs for more details., Details: Container azappeqxshezlak6lk successfully created and is running., DetailsLevel: INFO
2026-03-11T00:13:34.5062739Z Container start method finished after 42840 ms.
2026-03-11T00:13:34.5064146Z State: Starting, Action: InitiatingSiteWarmUpProbe, LastError: ContainerTimeout, LastErrorTimestamp: 03/10/2026 23:38:50, LastErrorDetails: Container did not start within expected time limit of 230s. Please inspect your container logs for more details., Details: Container azappeqxshezlak6lk successfully created and is running., DetailsLevel: INFO
2026-03-11T00:13:34.5064281Z State: Starting, Action: WaitingForSiteWarmUpProbeSuccess, LastError: ContainerTimeout, LastErrorTimestamp: 03/10/2026 23:38:50, LastErrorDetails: Container did not start within expected time limit of 230s. Please inspect your container logs for more details., Details: Pinging warmup path to ensure container is ready to receive requests., DetailsLevel: INFO
2026-03-11T00:13:50.6723757Z Container has finished running with exit code: 1.
2026-03-11T00:13:50.6811970Z Container is terminating. Grace period: 5 seconds.
2026-03-11T00:13:50.6834616Z Stop and delete container. Retry count = 0
2026-03-11T00:13:50.6837475Z Stopping container: cf7d294e5c9b_azappeqxshezlak6lk.
2026-03-11T00:13:50.7425838Z Deleting container: cf7d294e5c9b_azappeqxshezlak6lk. Retry count = 0
2026-03-11T00:13:50.9040848Z Container spec TerminationMessagePolicy  path 
2026-03-11T00:13:50.9121701Z Container is terminated. Total time elapsed: 223 ms.
2026-03-11T00:13:50.9125956Z Site container: azappeqxshezlak6lk terminated during site startup.
2026-03-11T00:13:50.9130551Z State: Stopping, Action: CancellingStartup, LastError: ContainerTimeout, LastErrorTimestamp: 03/10/2026 23:38:50, LastErrorDetails: Container did not start within expected time limit of 230s. Please inspect your container logs for more details., Details: Site container: azappeqxshezlak6lk terminated during site startup. Cancelling site startup., DetailsLevel: ERR
2026-03-11T00:13:50.9439112Z Site startup probe failed after 16.4072604 seconds.
2026-03-11T00:13:51.1178863Z State: Stopping, Action: CancellingStartup, LastError: ContainerTimeout, LastErrorTimestamp: 03/11/2026 00:13:51, LastErrorDetails: Container did not start within expected time limit of 230s. Please inspect your container logs for more details., Details: Site container: azappeqxshezlak6lk terminated during site startup. Cancelling site startup., DetailsLevel: ERR
2026-03-11T00:13:51.1527229Z Failed to start site. Revert by stopping site.
2026-03-11T00:13:51.1577020Z State: Stopping, Action: StoppingSite, LastError: ContainerTimeout, LastErrorTimestamp: 03/11/2026 00:13:51, LastErrorDetails: Container did not start within expected time limit of 230s. Please inspect your container logs for more details., Details: Site container: azappeqxshezlak6lk terminated during site startup. Cancelling site startup., DetailsLevel: ERR
2026-03-11T00:13:51.1593724Z State: Stopping, Action: StoppingSiteContainers, LastError: ContainerTimeout, LastErrorTimestamp: 03/11/2026 00:13:51, LastErrorDetails: Container did not start within expected time limit of 230s. Please inspect your container logs for more details., Details: Site container: azappeqxshezlak6lk terminated during site startup. Cancelling site startup., DetailsLevel: ERR
2026-03-11T00:13:51.1595299Z Site: azappeqxshezlak6lk stopped.
2026-03-11T00:13:51.1684246Z State: Stopping, Action: UnmountingVolumes, LastError: ContainerTimeout, LastErrorTimestamp: 03/11/2026 00:13:51, LastErrorDetails: Container did not start within expected time limit of 230s. Please inspect your container logs for more details., Details: Site container: azappeqxshezlak6lk terminated during site startup. Cancelling site startup., DetailsLevel: ERR
2026-03-11T00:13:52.0068433Z Site container: azappeqxshezlak6lk_managedIdentity terminated during site startup.
2026-03-11T00:13:52.0072287Z State: Stopping, Action: UnmountingVolumes, LastError: ContainerTimeout, LastErrorTimestamp: 03/11/2026 00:13:51, LastErrorDetails: Container did not start within expected time limit of 230s. Please inspect your container logs for more details., Details: Site container: azappeqxshezlak6lk terminated during site startup. Cancelling site startup., DetailsLevel: ERR
2026-03-11T00:13:52.0953571Z State: Stopping, Action: StoppingSiteNetworks, LastError: ContainerTimeout, LastErrorTimestamp: 03/11/2026 00:13:51, LastErrorDetails: Container did not start within expected time limit of 230s. Please inspect your container logs for more details., Details: Site container: azappeqxshezlak6lk terminated during site startup. Cancelling site startup., DetailsLevel: ERR
2026-03-11T00:13:52.3153983Z Site: azappeqxshezlak6lk will be blocked for 4 minutes till 03/11/2026 00:17:52
2026-03-11T00:13:52.3158998Z State: Blocked, Action: StoppingSiteNetworks, LastError: ContainerTimeout, LastErrorTimestamp: 03/11/2026 00:13:51, LastErrorDetails: Container did not start within expected time limit of 230s. Please inspect your container logs for more details., Details: Site: azappeqxshezlak6lk will be blocked for 4 minutes till 03/11/2026 00:17:52, DetailsLevel: WARN
2026-03-11T00:13:52.3247377Z State: Stopped, Action: None, LastError: ContainerTimeout, LastErrorTimestamp: 03/11/2026 00:13:51, LastErrorDetails: Container did not start within expected time limit of 230s. Please inspect your container logs for more details., Details: Site stopped at 03/11/2026 00:13:52 (UTC), DetailsLevel: WARN
2026-03-11T00:13:52.4752021Z State: Stopped, Action: None, LastError: ContainerTimeout, LastErrorTimestamp: 03/11/2026 00:13:51, LastErrorDetails: Container did not start within expected time limit of 230s. Please inspect your container logs for more details., Details: Site stopped at 03/11/2026 00:13:52 (UTC), DetailsLevel: WARN
2026-03-11T00:17:52.3130111Z Site: azappeqxshezlak6lk is unblocked.
2026-03-11T00:47:45.0426920Z State: Starting, Action: EstablishingSiteNetworks, LastError: ContainerTimeout, LastErrorTimestamp: 03/11/2026 00:13:51, LastErrorDetails: Container did not start within expected time limit of 230s. Please inspect your container logs for more details., Details: Site stopped at 03/11/2026 00:13:52 (UTC), DetailsLevel: WARN
2026-03-11T00:47:46.7710042Z State: Starting, Action: StartingMsiContainer, LastError: ContainerTimeout, LastErrorTimestamp: 03/11/2026 00:13:51, LastErrorDetails: Container did not start within expected time limit of 230s. Please inspect your container logs for more details., Details: Site stopped at 03/11/2026 00:13:52 (UTC), DetailsLevel: WARN
2026-03-11T00:47:54.1829231Z State: Starting, Action: StartingSiteContainers, LastError: ContainerTimeout, LastErrorTimestamp: 03/11/2026 00:13:51, LastErrorDetails: Container did not start within expected time limit of 230s. Please inspect your container logs for more details., Details: Site stopped at 03/11/2026 00:13:52 (UTC), DetailsLevel: WARN
2026-03-11T00:47:54.1830916Z Container start method called.
2026-03-11T00:47:54.1832113Z State: Starting, Action: PullingImage, LastError: ContainerTimeout, LastErrorTimestamp: 03/11/2026 00:13:51, LastErrorDetails: Container did not start within expected time limit of 230s. Please inspect your container logs for more details., Details: Pulling image mcr.microsoft.com/appsvc/node:20-lts_20260115.4.tuxprod for azappeqxshezlak6lk., DetailsLevel: INFO
2026-03-11T00:47:54.1833009Z Establishing network.
2026-03-11T00:47:54.1836145Z Pulling image: appsvc/node:20-lts_20260115.4.tuxprod.
2026-03-11T00:48:33.1376068Z Container is starting.
2026-03-11T00:48:33.1524204Z State: Starting, Action: MountingVolumes, LastError: ContainerTimeout, LastErrorTimestamp: 03/11/2026 00:13:51, LastErrorDetails: Container did not start within expected time limit of 230s. Please inspect your container logs for more details., Details: Mounting volumes for azappeqxshezlak6lk., DetailsLevel: INFO
2026-03-11T00:48:33.1527609Z Establishing user namespace if not established already.
2026-03-11T00:48:33.1528540Z Establishing network if not established already.
2026-03-11T00:48:33.1529346Z Mounting volumes.
2026-03-11T00:48:33.1542587Z Nested mountpoint site/wwwroot
2026-03-11T00:48:33.1957332Z Nested mountpoint volatile/logs
2026-03-11T00:48:33.2056171Z Nested mountpoint 
2026-03-11T00:48:33.2152701Z Nested mountpoint 
2026-03-11T00:48:33.3088372Z Nested mountpoint 
2026-03-11T00:48:33.3358582Z Nested mountpoint 
2026-03-11T00:48:33.9381310Z State: Starting, Action: CreatingContainer, LastError: ContainerTimeout, LastErrorTimestamp: 03/11/2026 00:13:51, LastErrorDetails: Container did not start within expected time limit of 230s. Please inspect your container logs for more details., Details: Finished pulling container image and mounting volumes for azappeqxshezlak6lk. Allocatinng the rest of the container resources to finish container creation., DetailsLevel: INFO
2026-03-11T00:48:33.9460986Z Creating container.
2026-03-11T00:48:33.9462308Z Creating pipes for streaming container io.
2026-03-11T00:48:33.9463249Z Creating stdout named pipe at /podr/container/pipe/208c86c1e9da_azappeqxshezlak6lk/stdout_43d7890721d4484d9ff961c77c37f974.
2026-03-11T00:48:33.9467627Z Successfully created stdout named pipe at: /podr/container/pipe/208c86c1e9da_azappeqxshezlak6lk/stdout_43d7890721d4484d9ff961c77c37f974.
2026-03-11T00:48:33.9468382Z Opening named pipe /podr/container/pipe/208c86c1e9da_azappeqxshezlak6lk/stdout_43d7890721d4484d9ff961c77c37f974 for reading in non-blocking mode.
2026-03-11T00:48:33.9469230Z Successfully opened named pipe: /podr/container/pipe/208c86c1e9da_azappeqxshezlak6lk/stdout_43d7890721d4484d9ff961c77c37f974.
2026-03-11T00:48:33.9469930Z Successfully removed non-blocking flag from /podr/container/pipe/208c86c1e9da_azappeqxshezlak6lk/stdout_43d7890721d4484d9ff961c77c37f974.
2026-03-11T00:48:33.9664457Z Creating stderr named pipe at /podr/container/pipe/208c86c1e9da_azappeqxshezlak6lk/stderr_5f443a42e9114af2846786a16b2dda29.
2026-03-11T00:48:33.9667688Z Successfully created stderr named pipe at: /podr/container/pipe/208c86c1e9da_azappeqxshezlak6lk/stderr_5f443a42e9114af2846786a16b2dda29.
2026-03-11T00:48:33.9848628Z Opening named pipe /podr/container/pipe/208c86c1e9da_azappeqxshezlak6lk/stderr_5f443a42e9114af2846786a16b2dda29 for reading in non-blocking mode.
2026-03-11T00:48:33.9849727Z Successfully opened named pipe: /podr/container/pipe/208c86c1e9da_azappeqxshezlak6lk/stderr_5f443a42e9114af2846786a16b2dda29.
2026-03-11T00:48:33.9850284Z Successfully removed non-blocking flag from /podr/container/pipe/208c86c1e9da_azappeqxshezlak6lk/stderr_5f443a42e9114af2846786a16b2dda29.
2026-03-11T00:48:33.9851199Z Creating container with image: appsvc/node:20-lts_20260115.4.tuxprod from registry: mcr.microsoft.com and fully qualified image name: mcr.microsoft.com/appsvc/node:20-lts_20260115.4.tuxprod
2026-03-11T00:48:34.4679322Z Starting container: 208c86c1e9da_azappeqxshezlak6lk.
2026-03-11T00:48:34.5257140Z Starting watchers and probes.
2026-03-11T00:48:34.5792233Z Starting metrics collection.
2026-03-11T00:48:34.5882512Z Container is running.
2026-03-11T00:48:34.6164619Z State: Starting, Action: CreatingContainer, LastError: ContainerTimeout, LastErrorTimestamp: 03/11/2026 00:13:51, LastErrorDetails: Container did not start within expected time limit of 230s. Please inspect your container logs for more details., Details: Container azappeqxshezlak6lk successfully created and is running., DetailsLevel: INFO
2026-03-11T00:48:34.7381328Z Container start method finished after 40554 ms.
2026-03-11T00:48:34.7382474Z State: Starting, Action: InitiatingSiteWarmUpProbe, LastError: ContainerTimeout, LastErrorTimestamp: 03/11/2026 00:13:51, LastErrorDetails: Container did not start within expected time limit of 230s. Please inspect your container logs for more details., Details: Container azappeqxshezlak6lk successfully created and is running., DetailsLevel: INFO
2026-03-11T00:48:34.7382609Z State: Starting, Action: WaitingForSiteWarmUpProbeSuccess, LastError: ContainerTimeout, LastErrorTimestamp: 03/11/2026 00:13:51, LastErrorDetails: Container did not start within expected time limit of 230s. Please inspect your container logs for more details., Details: Pinging warmup path to ensure container is ready to receive requests., DetailsLevel: INFO
2026-03-11T00:48:51.1196822Z Container has finished running with exit code: 1.
2026-03-11T00:48:51.1210054Z Container is terminating. Grace period: 5 seconds.
2026-03-11T00:48:51.1402411Z Stop and delete container. Retry count = 0
2026-03-11T00:48:51.1410031Z Stopping container: 208c86c1e9da_azappeqxshezlak6lk.
2026-03-11T00:48:51.2687859Z Deleting container: 208c86c1e9da_azappeqxshezlak6lk. Retry count = 0
2026-03-11T00:48:51.5313224Z Container spec TerminationMessagePolicy  path 
2026-03-11T00:48:51.5496637Z Container is terminated. Total time elapsed: 420 ms.
2026-03-11T00:48:51.5500184Z Site container: azappeqxshezlak6lk terminated during site startup.
2026-03-11T00:48:51.5506870Z State: Stopping, Action: CancellingStartup, LastError: ContainerTimeout, LastErrorTimestamp: 03/11/2026 00:13:51, LastErrorDetails: Container did not start within expected time limit of 230s. Please inspect your container logs for more details., Details: Site container: azappeqxshezlak6lk terminated during site startup. Cancelling site startup., DetailsLevel: ERR
2026-03-11T00:48:51.6287519Z Site startup probe failed after 16.8224051 seconds.
2026-03-11T00:48:51.7983923Z State: Stopping, Action: CancellingStartup, LastError: ContainerTimeout, LastErrorTimestamp: 03/11/2026 00:48:51, LastErrorDetails: Container did not start within expected time limit of 230s. Please inspect your container logs for more details., Details: Site container: azappeqxshezlak6lk terminated during site startup. Cancelling site startup., DetailsLevel: ERR
2026-03-11T00:48:51.8500624Z Failed to start site. Revert by stopping site.
2026-03-11T00:48:51.8525191Z State: Stopping, Action: StoppingSite, LastError: ContainerTimeout, LastErrorTimestamp: 03/11/2026 00:48:51, LastErrorDetails: Container did not start within expected time limit of 230s. Please inspect your container logs for more details., Details: Site container: azappeqxshezlak6lk terminated during site startup. Cancelling site startup., DetailsLevel: ERR
2026-03-11T00:48:51.8594519Z State: Stopping, Action: StoppingSiteContainers, LastError: ContainerTimeout, LastErrorTimestamp: 03/11/2026 00:48:51, LastErrorDetails: Container did not start within expected time limit of 230s. Please inspect your container logs for more details., Details: Site container: azappeqxshezlak6lk terminated during site startup. Cancelling site startup., DetailsLevel: ERR
2026-03-11T00:48:51.8595992Z Site: azappeqxshezlak6lk stopped.
2026-03-11T00:48:51.8692223Z State: Stopping, Action: UnmountingVolumes, LastError: ContainerTimeout, LastErrorTimestamp: 03/11/2026 00:48:51, LastErrorDetails: Container did not start within expected time limit of 230s. Please inspect your container logs for more details., Details: Site container: azappeqxshezlak6lk terminated during site startup. Cancelling site startup., DetailsLevel: ERR
2026-03-11T00:48:52.7940600Z Site container: azappeqxshezlak6lk_managedIdentity terminated during site startup.
2026-03-11T00:48:52.7946392Z State: Stopping, Action: UnmountingVolumes, LastError: ContainerTimeout, LastErrorTimestamp: 03/11/2026 00:48:51, LastErrorDetails: Container did not start within expected time limit of 230s. Please inspect your container logs for more details., Details: Site container: azappeqxshezlak6lk terminated during site startup. Cancelling site startup., DetailsLevel: ERR
2026-03-11T00:48:52.8947521Z State: Stopping, Action: StoppingSiteNetworks, LastError: ContainerTimeout, LastErrorTimestamp: 03/11/2026 00:48:51, LastErrorDetails: Container did not start within expected time limit of 230s. Please inspect your container logs for more details., Details: Site container: azappeqxshezlak6lk terminated during site startup. Cancelling site startup., DetailsLevel: ERR
2026-03-11T00:48:53.0867467Z Site: azappeqxshezlak6lk will be blocked for 4 minutes till 03/11/2026 00:52:53
2026-03-11T00:48:53.0950766Z State: Blocked, Action: StoppingSiteNetworks, LastError: ContainerTimeout, LastErrorTimestamp: 03/11/2026 00:48:51, LastErrorDetails: Container did not start within expected time limit of 230s. Please inspect your container logs for more details., Details: Site: azappeqxshezlak6lk will be blocked for 4 minutes till 03/11/2026 00:52:53, DetailsLevel: WARN
2026-03-11T00:48:53.0971448Z State: Stopped, Action: None, LastError: ContainerTimeout, LastErrorTimestamp: 03/11/2026 00:48:51, LastErrorDetails: Container did not start within expected time limit of 230s. Please inspect your container logs for more details., Details: Site stopped at 03/11/2026 00:48:53 (UTC), DetailsLevel: WARN
2026-03-11T00:48:53.1744435Z State: Stopped, Action: None, LastError: ContainerTimeout, LastErrorTimestamp: 03/11/2026 00:48:51, LastErrorDetails: Container did not start within expected time limit of 230s. Please inspect your container logs for more details., Details: Site stopped at 03/11/2026 00:48:53 (UTC), DetailsLevel: WARN
2026-03-11T00:52:53.0908344Z Site: azappeqxshezlak6lk is unblocked.
2026-03-11T01:22:46.7369851Z State: Starting, Action: EstablishingSiteNetworks, LastError: ContainerTimeout, LastErrorTimestamp: 03/11/2026 00:48:51, LastErrorDetails: Container did not start within expected time limit of 230s. Please inspect your container logs for more details., Details: Site stopped at 03/11/2026 00:48:53 (UTC), DetailsLevel: WARN
2026-03-11T01:22:48.7173940Z State: Starting, Action: StartingMsiContainer, LastError: ContainerTimeout, LastErrorTimestamp: 03/11/2026 00:48:51, LastErrorDetails: Container did not start within expected time limit of 230s. Please inspect your container logs for more details., Details: Site stopped at 03/11/2026 00:48:53 (UTC), DetailsLevel: WARN
2026-03-11T01:22:55.7435151Z State: Starting, Action: StartingSiteContainers, LastError: ContainerTimeout, LastErrorTimestamp: 03/11/2026 00:48:51, LastErrorDetails: Container did not start within expected time limit of 230s. Please inspect your container logs for more details., Details: Site stopped at 03/11/2026 00:48:53 (UTC), DetailsLevel: WARN
2026-03-11T01:22:55.7489368Z Container start method called.
2026-03-11T01:22:55.7499348Z State: Starting, Action: PullingImage, LastError: ContainerTimeout, LastErrorTimestamp: 03/11/2026 00:48:51, LastErrorDetails: Container did not start within expected time limit of 230s. Please inspect your container logs for more details., Details: Pulling image mcr.microsoft.com/appsvc/node:20-lts_20260115.4.tuxprod for azappeqxshezlak6lk., DetailsLevel: INFO
2026-03-11T01:22:55.7502495Z Establishing network.
2026-03-11T01:22:55.7508780Z Pulling image: appsvc/node:20-lts_20260115.4.tuxprod.
2026-03-11T01:23:38.0020006Z Container is starting.
2026-03-11T01:23:38.0252897Z State: Starting, Action: MountingVolumes, LastError: ContainerTimeout, LastErrorTimestamp: 03/11/2026 00:48:51, LastErrorDetails: Container did not start within expected time limit of 230s. Please inspect your container logs for more details., Details: Mounting volumes for azappeqxshezlak6lk., DetailsLevel: INFO
2026-03-11T01:23:38.0261435Z Establishing user namespace if not established already.
2026-03-11T01:23:38.0263291Z Establishing network if not established already.
2026-03-11T01:23:38.0275197Z Mounting volumes.
2026-03-11T01:23:38.0304313Z Nested mountpoint site/wwwroot
2026-03-11T01:23:38.0512001Z Nested mountpoint volatile/logs
2026-03-11T01:23:38.0725191Z Nested mountpoint 
2026-03-11T01:23:38.2417375Z Nested mountpoint 
2026-03-11T01:23:38.3124116Z Nested mountpoint 
2026-03-11T01:23:38.3317131Z Nested mountpoint 
2026-03-11T01:23:39.1434646Z State: Starting, Action: CreatingContainer, LastError: ContainerTimeout, LastErrorTimestamp: 03/11/2026 00:48:51, LastErrorDetails: Container did not start within expected time limit of 230s. Please inspect your container logs for more details., Details: Finished pulling container image and mounting volumes for azappeqxshezlak6lk. Allocatinng the rest of the container resources to finish container creation., DetailsLevel: INFO
2026-03-11T01:23:39.1536313Z Creating container.
2026-03-11T01:23:39.1725584Z Creating pipes for streaming container io.
2026-03-11T01:23:39.1726567Z Creating stdout named pipe at /podr/container/pipe/787cff5c0556_azappeqxshezlak6lk/stdout_95cd3d084f9143a1b8d5cc0b8dfabd99.
2026-03-11T01:23:39.1734660Z Successfully created stdout named pipe at: /podr/container/pipe/787cff5c0556_azappeqxshezlak6lk/stdout_95cd3d084f9143a1b8d5cc0b8dfabd99.
2026-03-11T01:23:39.1735279Z Opening named pipe /podr/container/pipe/787cff5c0556_azappeqxshezlak6lk/stdout_95cd3d084f9143a1b8d5cc0b8dfabd99 for reading in non-blocking mode.
2026-03-11T01:23:39.1735896Z Successfully opened named pipe: /podr/container/pipe/787cff5c0556_azappeqxshezlak6lk/stdout_95cd3d084f9143a1b8d5cc0b8dfabd99.
2026-03-11T01:23:39.1736365Z Successfully removed non-blocking flag from /podr/container/pipe/787cff5c0556_azappeqxshezlak6lk/stdout_95cd3d084f9143a1b8d5cc0b8dfabd99.
2026-03-11T01:23:39.2023241Z Creating stderr named pipe at /podr/container/pipe/787cff5c0556_azappeqxshezlak6lk/stderr_762460489fe04cf78610a756289973f7.
2026-03-11T01:23:39.2029815Z Successfully created stderr named pipe at: /podr/container/pipe/787cff5c0556_azappeqxshezlak6lk/stderr_762460489fe04cf78610a756289973f7.
2026-03-11T01:23:39.2114395Z Opening named pipe /podr/container/pipe/787cff5c0556_azappeqxshezlak6lk/stderr_762460489fe04cf78610a756289973f7 for reading in non-blocking mode.
2026-03-11T01:23:39.2117518Z Successfully opened named pipe: /podr/container/pipe/787cff5c0556_azappeqxshezlak6lk/stderr_762460489fe04cf78610a756289973f7.
2026-03-11T01:23:39.2120547Z Successfully removed non-blocking flag from /podr/container/pipe/787cff5c0556_azappeqxshezlak6lk/stderr_762460489fe04cf78610a756289973f7.
2026-03-11T01:23:39.2125038Z Creating container with image: appsvc/node:20-lts_20260115.4.tuxprod from registry: mcr.microsoft.com and fully qualified image name: mcr.microsoft.com/appsvc/node:20-lts_20260115.4.tuxprod
2026-03-11T01:23:39.2928725Z Container get processes received unexpected exception.
2026-03-11T01:23:39.7130172Z Starting container: 787cff5c0556_azappeqxshezlak6lk.
2026-03-11T01:23:39.8145072Z Starting watchers and probes.
2026-03-11T01:23:39.8315054Z Starting metrics collection.
2026-03-11T01:23:39.8316880Z Container is running.
2026-03-11T01:23:39.8317376Z State: Starting, Action: CreatingContainer, LastError: ContainerTimeout, LastErrorTimestamp: 03/11/2026 00:48:51, LastErrorDetails: Container did not start within expected time limit of 230s. Please inspect your container logs for more details., Details: Container azappeqxshezlak6lk successfully created and is running., DetailsLevel: INFO
2026-03-11T01:23:39.9925240Z Container start method finished after 44243 ms.
2026-03-11T01:23:39.9937399Z State: Starting, Action: InitiatingSiteWarmUpProbe, LastError: ContainerTimeout, LastErrorTimestamp: 03/11/2026 00:48:51, LastErrorDetails: Container did not start within expected time limit of 230s. Please inspect your container logs for more details., Details: Container azappeqxshezlak6lk successfully created and is running., DetailsLevel: INFO
2026-03-11T01:23:40.0140520Z State: Starting, Action: WaitingForSiteWarmUpProbeSuccess, LastError: ContainerTimeout, LastErrorTimestamp: 03/11/2026 00:48:51, LastErrorDetails: Container did not start within expected time limit of 230s. Please inspect your container logs for more details., Details: Pinging warmup path to ensure container is ready to receive requests., DetailsLevel: INFO
2026-03-11T01:23:58.6499409Z Container has finished running with exit code: 1.
2026-03-11T01:23:58.6503716Z Container is terminating. Grace period: 5 seconds.
2026-03-11T01:23:58.6596692Z Stop and delete container. Retry count = 0
2026-03-11T01:23:58.6607601Z Stopping container: 787cff5c0556_azappeqxshezlak6lk.
2026-03-11T01:23:58.7102795Z Deleting container: 787cff5c0556_azappeqxshezlak6lk. Retry count = 0
2026-03-11T01:23:58.8605025Z Container spec TerminationMessagePolicy  path 
2026-03-11T01:23:58.8691821Z Container is terminated. Total time elapsed: 210 ms.
2026-03-11T01:23:58.8697456Z Site container: azappeqxshezlak6lk terminated during site startup.
2026-03-11T01:23:58.8700917Z State: Stopping, Action: CancellingStartup, LastError: ContainerTimeout, LastErrorTimestamp: 03/11/2026 00:48:51, LastErrorDetails: Container did not start within expected time limit of 230s. Please inspect your container logs for more details., Details: Site container: azappeqxshezlak6lk terminated during site startup. Cancelling site startup., DetailsLevel: ERR
2026-03-11T01:23:58.9096895Z Site startup probe failed after 18.876741 seconds.
2026-03-11T01:23:59.1299987Z State: Stopping, Action: CancellingStartup, LastError: ContainerTimeout, LastErrorTimestamp: 03/11/2026 01:23:59, LastErrorDetails: Container did not start within expected time limit of 230s. Please inspect your container logs for more details., Details: Site container: azappeqxshezlak6lk terminated during site startup. Cancelling site startup., DetailsLevel: ERR
2026-03-11T01:23:59.1504249Z Failed to start site. Revert by stopping site.
2026-03-11T01:23:59.1523345Z State: Stopping, Action: StoppingSite, LastError: ContainerTimeout, LastErrorTimestamp: 03/11/2026 01:23:59, LastErrorDetails: Container did not start within expected time limit of 230s. Please inspect your container logs for more details., Details: Site container: azappeqxshezlak6lk terminated during site startup. Cancelling site startup., DetailsLevel: ERR
2026-03-11T01:23:59.1583934Z State: Stopping, Action: StoppingSiteContainers, LastError: ContainerTimeout, LastErrorTimestamp: 03/11/2026 01:23:59, LastErrorDetails: Container did not start within expected time limit of 230s. Please inspect your container logs for more details., Details: Site container: azappeqxshezlak6lk terminated during site startup. Cancelling site startup., DetailsLevel: ERR
2026-03-11T01:23:59.1584112Z Site: azappeqxshezlak6lk stopped.
2026-03-11T01:23:59.1603916Z State: Stopping, Action: UnmountingVolumes, LastError: ContainerTimeout, LastErrorTimestamp: 03/11/2026 01:23:59, LastErrorDetails: Container did not start within expected time limit of 230s. Please inspect your container logs for more details., Details: Site container: azappeqxshezlak6lk terminated during site startup. Cancelling site startup., DetailsLevel: ERR
2026-03-11T01:24:00.2920918Z Site container: azappeqxshezlak6lk_managedIdentity terminated during site startup.
2026-03-11T01:24:00.2921989Z State: Stopping, Action: UnmountingVolumes, LastError: ContainerTimeout, LastErrorTimestamp: 03/11/2026 01:23:59, LastErrorDetails: Container did not start within expected time limit of 230s. Please inspect your container logs for more details., Details: Site container: azappeqxshezlak6lk terminated during site startup. Cancelling site startup., DetailsLevel: ERR
2026-03-11T01:24:00.4429375Z State: Stopping, Action: StoppingSiteNetworks, LastError: ContainerTimeout, LastErrorTimestamp: 03/11/2026 01:23:59, LastErrorDetails: Container did not start within expected time limit of 230s. Please inspect your container logs for more details., Details: Site container: azappeqxshezlak6lk terminated during site startup. Cancelling site startup., DetailsLevel: ERR
2026-03-11T01:24:00.7032278Z Site: azappeqxshezlak6lk will be blocked for 4 minutes till 03/11/2026 01:28:00
2026-03-11T01:24:00.7113857Z State: Blocked, Action: StoppingSiteNetworks, LastError: ContainerTimeout, LastErrorTimestamp: 03/11/2026 01:23:59, LastErrorDetails: Container did not start within expected time limit of 230s. Please inspect your container logs for more details., Details: Site: azappeqxshezlak6lk will be blocked for 4 minutes till 03/11/2026 01:28:00, DetailsLevel: WARN
2026-03-11T01:24:00.7212815Z State: Stopped, Action: None, LastError: ContainerTimeout, LastErrorTimestamp: 03/11/2026 01:23:59, LastErrorDetails: Container did not start within expected time limit of 230s. Please inspect your container logs for more details., Details: Site stopped at 03/11/2026 01:24:00 (UTC), DetailsLevel: WARN
2026-03-11T01:24:00.9822535Z State: Stopped, Action: None, LastError: ContainerTimeout, LastErrorTimestamp: 03/11/2026 01:23:59, LastErrorDetails: Container did not start within expected time limit of 230s. Please inspect your container logs for more details., Details: Site stopped at 03/11/2026 01:24:00 (UTC), DetailsLevel: WARN
2026-03-11T01:28:00.7071177Z Site: azappeqxshezlak6lk is unblocked.
2026-03-11T01:57:48.8048304Z State: Starting, Action: EstablishingSiteNetworks, LastError: ContainerTimeout, LastErrorTimestamp: 03/11/2026 01:23:59, LastErrorDetails: Container did not start within expected time limit of 230s. Please inspect your container logs for more details., Details: Site stopped at 03/11/2026 01:24:00 (UTC), DetailsLevel: WARN
2026-03-11T01:57:51.0681887Z State: Starting, Action: StartingMsiContainer, LastError: ContainerTimeout, LastErrorTimestamp: 03/11/2026 01:23:59, LastErrorDetails: Container did not start within expected time limit of 230s. Please inspect your container logs for more details., Details: Site stopped at 03/11/2026 01:24:00 (UTC), DetailsLevel: WARN
2026-03-11T01:57:58.8593370Z State: Starting, Action: StartingSiteContainers, LastError: ContainerTimeout, LastErrorTimestamp: 03/11/2026 01:23:59, LastErrorDetails: Container did not start within expected time limit of 230s. Please inspect your container logs for more details., Details: Site stopped at 03/11/2026 01:24:00 (UTC), DetailsLevel: WARN
2026-03-11T01:57:58.8595356Z Container start method called.
2026-03-11T01:57:58.8598530Z State: Starting, Action: PullingImage, LastError: ContainerTimeout, LastErrorTimestamp: 03/11/2026 01:23:59, LastErrorDetails: Container did not start within expected time limit of 230s. Please inspect your container logs for more details., Details: Pulling image mcr.microsoft.com/appsvc/node:20-lts_20260115.4.tuxprod for azappeqxshezlak6lk., DetailsLevel: INFO
2026-03-11T01:57:58.8601513Z Establishing network.
2026-03-11T01:57:58.8678140Z Pulling image: appsvc/node:20-lts_20260115.4.tuxprod.
2026-03-11T01:58:40.3870697Z Container is starting.
2026-03-11T01:58:40.3888282Z State: Starting, Action: MountingVolumes, LastError: ContainerTimeout, LastErrorTimestamp: 03/11/2026 01:23:59, LastErrorDetails: Container did not start within expected time limit of 230s. Please inspect your container logs for more details., Details: Mounting volumes for azappeqxshezlak6lk., DetailsLevel: INFO
2026-03-11T01:58:40.3896842Z Establishing user namespace if not established already.
2026-03-11T01:58:40.3970977Z Establishing network if not established already.
2026-03-11T01:58:40.3979519Z Mounting volumes.
2026-03-11T01:58:40.3984001Z Nested mountpoint site/wwwroot
2026-03-11T01:58:40.4192335Z Nested mountpoint volatile/logs
2026-03-11T01:58:40.4994698Z Nested mountpoint 
2026-03-11T01:58:40.5588416Z Nested mountpoint 
2026-03-11T01:58:40.6187199Z Nested mountpoint 
2026-03-11T01:58:40.6375478Z Nested mountpoint 
2026-03-11T01:58:41.0878775Z State: Starting, Action: CreatingContainer, LastError: ContainerTimeout, LastErrorTimestamp: 03/11/2026 01:23:59, LastErrorDetails: Container did not start within expected time limit of 230s. Please inspect your container logs for more details., Details: Finished pulling container image and mounting volumes for azappeqxshezlak6lk. Allocatinng the rest of the container resources to finish container creation., DetailsLevel: INFO
2026-03-11T01:58:41.0888858Z Creating container.
2026-03-11T01:58:41.0976585Z Creating pipes for streaming container io.
2026-03-11T01:58:41.0985997Z Creating stdout named pipe at /podr/container/pipe/67b32e0bc831_azappeqxshezlak6lk/stdout_14a068a1dc184566b64fe0774f57d769.
2026-03-11T01:58:41.1065631Z Successfully created stdout named pipe at: /podr/container/pipe/67b32e0bc831_azappeqxshezlak6lk/stdout_14a068a1dc184566b64fe0774f57d769.
2026-03-11T01:58:41.1069254Z Opening named pipe /podr/container/pipe/67b32e0bc831_azappeqxshezlak6lk/stdout_14a068a1dc184566b64fe0774f57d769 for reading in non-blocking mode.
2026-03-11T01:58:41.1073737Z Successfully opened named pipe: /podr/container/pipe/67b32e0bc831_azappeqxshezlak6lk/stdout_14a068a1dc184566b64fe0774f57d769.
2026-03-11T01:58:41.1078280Z Successfully removed non-blocking flag from /podr/container/pipe/67b32e0bc831_azappeqxshezlak6lk/stdout_14a068a1dc184566b64fe0774f57d769.
2026-03-11T01:58:41.1083716Z Creating stderr named pipe at /podr/container/pipe/67b32e0bc831_azappeqxshezlak6lk/stderr_854a918c7c9b4e41a2f509bc364d8ba2.
2026-03-11T01:58:41.1086578Z Successfully created stderr named pipe at: /podr/container/pipe/67b32e0bc831_azappeqxshezlak6lk/stderr_854a918c7c9b4e41a2f509bc364d8ba2.
2026-03-11T01:58:41.1089769Z Opening named pipe /podr/container/pipe/67b32e0bc831_azappeqxshezlak6lk/stderr_854a918c7c9b4e41a2f509bc364d8ba2 for reading in non-blocking mode.
2026-03-11T01:58:41.1093918Z Successfully opened named pipe: /podr/container/pipe/67b32e0bc831_azappeqxshezlak6lk/stderr_854a918c7c9b4e41a2f509bc364d8ba2.
2026-03-11T01:58:41.1174674Z Successfully removed non-blocking flag from /podr/container/pipe/67b32e0bc831_azappeqxshezlak6lk/stderr_854a918c7c9b4e41a2f509bc364d8ba2.
2026-03-11T01:58:41.1183287Z Creating container with image: appsvc/node:20-lts_20260115.4.tuxprod from registry: mcr.microsoft.com and fully qualified image name: mcr.microsoft.com/appsvc/node:20-lts_20260115.4.tuxprod
2026-03-11T01:58:41.5782515Z Starting container: 67b32e0bc831_azappeqxshezlak6lk.
2026-03-11T01:58:41.6388673Z Starting watchers and probes.
2026-03-11T01:58:41.6592411Z Starting metrics collection.
2026-03-11T01:58:41.6700233Z Container is running.
2026-03-11T01:58:41.6887091Z State: Starting, Action: CreatingContainer, LastError: ContainerTimeout, LastErrorTimestamp: 03/11/2026 01:23:59, LastErrorDetails: Container did not start within expected time limit of 230s. Please inspect your container logs for more details., Details: Container azappeqxshezlak6lk successfully created and is running., DetailsLevel: INFO
2026-03-11T01:58:41.9799321Z Container start method finished after 43100 ms.
2026-03-11T01:58:41.9901998Z State: Starting, Action: InitiatingSiteWarmUpProbe, LastError: ContainerTimeout, LastErrorTimestamp: 03/11/2026 01:23:59, LastErrorDetails: Container did not start within expected time limit of 230s. Please inspect your container logs for more details., Details: Container azappeqxshezlak6lk successfully created and is running., DetailsLevel: INFO
2026-03-11T01:58:41.9904594Z State: Starting, Action: WaitingForSiteWarmUpProbeSuccess, LastError: ContainerTimeout, LastErrorTimestamp: 03/11/2026 01:23:59, LastErrorDetails: Container did not start within expected time limit of 230s. Please inspect your container logs for more details., Details: Pinging warmup path to ensure container is ready to receive requests., DetailsLevel: INFO
2026-03-11T01:58:58.9844929Z Container has finished running with exit code: 1.
2026-03-11T01:58:58.9854924Z Container is terminating. Grace period: 5 seconds.
2026-03-11T01:58:59.0038046Z Stop and delete container. Retry count = 0
2026-03-11T01:58:59.0041323Z Stopping container: 67b32e0bc831_azappeqxshezlak6lk.
2026-03-11T01:58:59.0643644Z Deleting container: 67b32e0bc831_azappeqxshezlak6lk. Retry count = 0
2026-03-11T01:58:59.3036798Z Container spec TerminationMessagePolicy  path 
2026-03-11T01:58:59.3136817Z Container is terminated. Total time elapsed: 327 ms.
2026-03-11T01:58:59.3147038Z Site container: azappeqxshezlak6lk terminated during site startup.
2026-03-11T01:58:59.3333493Z State: Stopping, Action: CancellingStartup, LastError: ContainerTimeout, LastErrorTimestamp: 03/11/2026 01:23:59, LastErrorDetails: Container did not start within expected time limit of 230s. Please inspect your container logs for more details., Details: Site container: azappeqxshezlak6lk terminated during site startup. Cancelling site startup., DetailsLevel: ERR
2026-03-11T01:58:59.4245084Z Site startup probe failed after 17.3648777 seconds.
2026-03-11T01:58:59.6868687Z State: Stopping, Action: CancellingStartup, LastError: ContainerTimeout, LastErrorTimestamp: 03/11/2026 01:58:59, LastErrorDetails: Container did not start within expected time limit of 230s. Please inspect your container logs for more details., Details: Site container: azappeqxshezlak6lk terminated during site startup. Cancelling site startup., DetailsLevel: ERR
2026-03-11T01:58:59.7656687Z Failed to start site. Revert by stopping site.
2026-03-11T01:58:59.7938633Z State: Stopping, Action: StoppingSite, LastError: ContainerTimeout, LastErrorTimestamp: 03/11/2026 01:58:59, LastErrorDetails: Container did not start within expected time limit of 230s. Please inspect your container logs for more details., Details: Site container: azappeqxshezlak6lk terminated during site startup. Cancelling site startup., DetailsLevel: ERR
2026-03-11T01:58:59.8037466Z State: Stopping, Action: StoppingSiteContainers, LastError: ContainerTimeout, LastErrorTimestamp: 03/11/2026 01:58:59, LastErrorDetails: Container did not start within expected time limit of 230s. Please inspect your container logs for more details., Details: Site container: azappeqxshezlak6lk terminated during site startup. Cancelling site startup., DetailsLevel: ERR
2026-03-11T01:58:59.8038775Z Site: azappeqxshezlak6lk stopped.
2026-03-11T01:58:59.8156000Z State: Stopping, Action: UnmountingVolumes, LastError: ContainerTimeout, LastErrorTimestamp: 03/11/2026 01:58:59, LastErrorDetails: Container did not start within expected time limit of 230s. Please inspect your container logs for more details., Details: Site container: azappeqxshezlak6lk terminated during site startup. Cancelling site startup., DetailsLevel: ERR
2026-03-11T01:59:00.9009960Z Site container: azappeqxshezlak6lk_managedIdentity terminated during site startup.
2026-03-11T01:59:00.9013977Z State: Stopping, Action: UnmountingVolumes, LastError: ContainerTimeout, LastErrorTimestamp: 03/11/2026 01:58:59, LastErrorDetails: Container did not start within expected time limit of 230s. Please inspect your container logs for more details., Details: Site container: azappeqxshezlak6lk terminated during site startup. Cancelling site startup., DetailsLevel: ERR
2026-03-11T01:59:00.9697149Z State: Stopping, Action: StoppingSiteNetworks, LastError: ContainerTimeout, LastErrorTimestamp: 03/11/2026 01:58:59, LastErrorDetails: Container did not start within expected time limit of 230s. Please inspect your container logs for more details., Details: Site container: azappeqxshezlak6lk terminated during site startup. Cancelling site startup., DetailsLevel: ERR
2026-03-11T01:59:01.1923642Z Site: azappeqxshezlak6lk will be blocked for 4 minutes till 03/11/2026 02:03:01
2026-03-11T01:59:01.1996073Z State: Blocked, Action: StoppingSiteNetworks, LastError: ContainerTimeout, LastErrorTimestamp: 03/11/2026 01:58:59, LastErrorDetails: Container did not start within expected time limit of 230s. Please inspect your container logs for more details., Details: Site: azappeqxshezlak6lk will be blocked for 4 minutes till 03/11/2026 02:03:01, DetailsLevel: WARN
2026-03-11T01:59:01.2016727Z State: Stopped, Action: None, LastError: ContainerTimeout, LastErrorTimestamp: 03/11/2026 01:58:59, LastErrorDetails: Container did not start within expected time limit of 230s. Please inspect your container logs for more details., Details: Site stopped at 03/11/2026 01:59:01 (UTC), DetailsLevel: WARN
2026-03-11T01:59:01.4090640Z State: Stopped, Action: None, LastError: ContainerTimeout, LastErrorTimestamp: 03/11/2026 01:58:59, LastErrorDetails: Container did not start within expected time limit of 230s. Please inspect your container logs for more details., Details: Site stopped at 03/11/2026 01:59:01 (UTC), DetailsLevel: WARN
2026-03-11T02:03:01.1891804Z Site: azappeqxshezlak6lk is unblocked.
2026-03-11T02:32:51.1191999Z State: Starting, Action: EstablishingSiteNetworks, LastError: ContainerTimeout, LastErrorTimestamp: 03/11/2026 01:58:59, LastErrorDetails: Container did not start within expected time limit of 230s. Please inspect your container logs for more details., Details: Site stopped at 03/11/2026 01:59:01 (UTC), DetailsLevel: WARN
2026-03-11T02:32:53.3221631Z State: Starting, Action: StartingMsiContainer, LastError: ContainerTimeout, LastErrorTimestamp: 03/11/2026 01:58:59, LastErrorDetails: Container did not start within expected time limit of 230s. Please inspect your container logs for more details., Details: Site stopped at 03/11/2026 01:59:01 (UTC), DetailsLevel: WARN
2026-03-11T02:33:01.5106459Z State: Starting, Action: StartingSiteContainers, LastError: ContainerTimeout, LastErrorTimestamp: 03/11/2026 01:58:59, LastErrorDetails: Container did not start within expected time limit of 230s. Please inspect your container logs for more details., Details: Site stopped at 03/11/2026 01:59:01 (UTC), DetailsLevel: WARN
2026-03-11T02:33:01.5112786Z Container start method called.
2026-03-11T02:33:01.5120611Z State: Starting, Action: PullingImage, LastError: ContainerTimeout, LastErrorTimestamp: 03/11/2026 01:58:59, LastErrorDetails: Container did not start within expected time limit of 230s. Please inspect your container logs for more details., Details: Pulling image mcr.microsoft.com/appsvc/node:20-lts_20260115.4.tuxprod for azappeqxshezlak6lk., DetailsLevel: INFO
2026-03-11T02:33:01.5187372Z Establishing network.
2026-03-11T02:33:01.5189463Z Pulling image: appsvc/node:20-lts_20260115.4.tuxprod.
2026-03-11T02:33:44.1301751Z Container is starting.
2026-03-11T02:33:44.1384606Z State: Starting, Action: MountingVolumes, LastError: ContainerTimeout, LastErrorTimestamp: 03/11/2026 01:58:59, LastErrorDetails: Container did not start within expected time limit of 230s. Please inspect your container logs for more details., Details: Mounting volumes for azappeqxshezlak6lk., DetailsLevel: INFO
2026-03-11T02:33:44.1386171Z Establishing user namespace if not established already.
2026-03-11T02:33:44.1388665Z Establishing network if not established already.
2026-03-11T02:33:44.1392121Z Mounting volumes.
2026-03-11T02:33:44.1401807Z Nested mountpoint site/wwwroot
2026-03-11T02:33:44.1591743Z Nested mountpoint volatile/logs
2026-03-11T02:33:44.1798873Z Nested mountpoint 
2026-03-11T02:33:44.2190293Z Nested mountpoint 
2026-03-11T02:33:44.2996919Z Nested mountpoint 
2026-03-11T02:33:44.3784222Z Nested mountpoint 
2026-03-11T02:33:44.9678810Z State: Starting, Action: CreatingContainer, LastError: ContainerTimeout, LastErrorTimestamp: 03/11/2026 01:58:59, LastErrorDetails: Container did not start within expected time limit of 230s. Please inspect your container logs for more details., Details: Finished pulling container image and mounting volumes for azappeqxshezlak6lk. Allocatinng the rest of the container resources to finish container creation., DetailsLevel: INFO
2026-03-11T02:33:44.9689638Z Creating container.
2026-03-11T02:33:44.9701889Z Creating pipes for streaming container io.
2026-03-11T02:33:44.9794907Z Creating stdout named pipe at /podr/container/pipe/39039ace862b_azappeqxshezlak6lk/stdout_94e0e252a05247b4802355a564275702.
2026-03-11T02:33:44.9888079Z Successfully created stdout named pipe at: /podr/container/pipe/39039ace862b_azappeqxshezlak6lk/stdout_94e0e252a05247b4802355a564275702.
2026-03-11T02:33:44.9893807Z Opening named pipe /podr/container/pipe/39039ace862b_azappeqxshezlak6lk/stdout_94e0e252a05247b4802355a564275702 for reading in non-blocking mode.
2026-03-11T02:33:44.9897807Z Successfully opened named pipe: /podr/container/pipe/39039ace862b_azappeqxshezlak6lk/stdout_94e0e252a05247b4802355a564275702.
2026-03-11T02:33:44.9977335Z Successfully removed non-blocking flag from /podr/container/pipe/39039ace862b_azappeqxshezlak6lk/stdout_94e0e252a05247b4802355a564275702.
2026-03-11T02:33:44.9984899Z Creating stderr named pipe at /podr/container/pipe/39039ace862b_azappeqxshezlak6lk/stderr_2e3fef1c53304eef9374a2a36f2b70a1.
2026-03-11T02:33:45.0075840Z Successfully created stderr named pipe at: /podr/container/pipe/39039ace862b_azappeqxshezlak6lk/stderr_2e3fef1c53304eef9374a2a36f2b70a1.
2026-03-11T02:33:45.0093770Z Opening named pipe /podr/container/pipe/39039ace862b_azappeqxshezlak6lk/stderr_2e3fef1c53304eef9374a2a36f2b70a1 for reading in non-blocking mode.
2026-03-11T02:33:45.0175143Z Successfully opened named pipe: /podr/container/pipe/39039ace862b_azappeqxshezlak6lk/stderr_2e3fef1c53304eef9374a2a36f2b70a1.
2026-03-11T02:33:45.0182846Z Successfully removed non-blocking flag from /podr/container/pipe/39039ace862b_azappeqxshezlak6lk/stderr_2e3fef1c53304eef9374a2a36f2b70a1.
2026-03-11T02:33:45.0191110Z Creating container with image: appsvc/node:20-lts_20260115.4.tuxprod from registry: mcr.microsoft.com and fully qualified image name: mcr.microsoft.com/appsvc/node:20-lts_20260115.4.tuxprod
2026-03-11T02:33:45.5332555Z Starting container: 39039ace862b_azappeqxshezlak6lk.
2026-03-11T02:33:45.5831596Z Starting watchers and probes.
2026-03-11T02:33:45.5940767Z Starting metrics collection.
2026-03-11T02:33:45.6015434Z Container is running.
2026-03-11T02:33:45.6016505Z State: Starting, Action: CreatingContainer, LastError: ContainerTimeout, LastErrorTimestamp: 03/11/2026 01:58:59, LastErrorDetails: Container did not start within expected time limit of 230s. Please inspect your container logs for more details., Details: Container azappeqxshezlak6lk successfully created and is running., DetailsLevel: INFO
2026-03-11T02:33:45.6823171Z Container start method finished after 44170 ms.
2026-03-11T02:33:45.6827937Z State: Starting, Action: InitiatingSiteWarmUpProbe, LastError: ContainerTimeout, LastErrorTimestamp: 03/11/2026 01:58:59, LastErrorDetails: Container did not start within expected time limit of 230s. Please inspect your container logs for more details., Details: Container azappeqxshezlak6lk successfully created and is running., DetailsLevel: INFO
2026-03-11T02:33:45.6829687Z State: Starting, Action: WaitingForSiteWarmUpProbeSuccess, LastError: ContainerTimeout, LastErrorTimestamp: 03/11/2026 01:58:59, LastErrorDetails: Container did not start within expected time limit of 230s. Please inspect your container logs for more details., Details: Pinging warmup path to ensure container is ready to receive requests., DetailsLevel: INFO
2026-03-11T02:34:05.2284917Z Container has finished running with exit code: 1.
2026-03-11T02:34:05.2365848Z Container is terminating. Grace period: 5 seconds.
2026-03-11T02:34:05.2382963Z Stop and delete container. Retry count = 0
2026-03-11T02:34:05.2388932Z Stopping container: 39039ace862b_azappeqxshezlak6lk.
2026-03-11T02:34:05.3371617Z Deleting container: 39039ace862b_azappeqxshezlak6lk. Retry count = 0
2026-03-11T02:34:05.7912165Z Container spec TerminationMessagePolicy  path 
2026-03-11T02:34:05.8187873Z Container is terminated. Total time elapsed: 574 ms.
2026-03-11T02:34:05.8208091Z Site container: azappeqxshezlak6lk terminated during site startup.
2026-03-11T02:34:05.8289201Z State: Stopping, Action: CancellingStartup, LastError: ContainerTimeout, LastErrorTimestamp: 03/11/2026 01:58:59, LastErrorDetails: Container did not start within expected time limit of 230s. Please inspect your container logs for more details., Details: Site container: azappeqxshezlak6lk terminated during site startup. Cancelling site startup., DetailsLevel: ERR
2026-03-11T02:34:05.8908697Z Site startup probe failed after 20.1981821 seconds.
2026-03-11T02:34:06.1712172Z State: Stopping, Action: CancellingStartup, LastError: ContainerTimeout, LastErrorTimestamp: 03/11/2026 02:34:06, LastErrorDetails: Container did not start within expected time limit of 230s. Please inspect your container logs for more details., Details: Site container: azappeqxshezlak6lk terminated during site startup. Cancelling site startup., DetailsLevel: ERR
2026-03-11T02:34:06.2213779Z Failed to start site. Revert by stopping site.
2026-03-11T02:34:06.2689457Z State: Stopping, Action: StoppingSite, LastError: ContainerTimeout, LastErrorTimestamp: 03/11/2026 02:34:06, LastErrorDetails: Container did not start within expected time limit of 230s. Please inspect your container logs for more details., Details: Site container: azappeqxshezlak6lk terminated during site startup. Cancelling site startup., DetailsLevel: ERR
2026-03-11T02:34:06.2701462Z State: Stopping, Action: StoppingSiteContainers, LastError: ContainerTimeout, LastErrorTimestamp: 03/11/2026 02:34:06, LastErrorDetails: Container did not start within expected time limit of 230s. Please inspect your container logs for more details., Details: Site container: azappeqxshezlak6lk terminated during site startup. Cancelling site startup., DetailsLevel: ERR
2026-03-11T02:34:06.2701646Z Site: azappeqxshezlak6lk stopped.
2026-03-11T02:34:06.2988635Z State: Stopping, Action: UnmountingVolumes, LastError: ContainerTimeout, LastErrorTimestamp: 03/11/2026 02:34:06, LastErrorDetails: Container did not start within expected time limit of 230s. Please inspect your container logs for more details., Details: Site container: azappeqxshezlak6lk terminated during site startup. Cancelling site startup., DetailsLevel: ERR
2026-03-11T02:34:07.3339761Z Site container: azappeqxshezlak6lk_managedIdentity terminated during site startup.
2026-03-11T02:34:07.3404263Z State: Stopping, Action: UnmountingVolumes, LastError: ContainerTimeout, LastErrorTimestamp: 03/11/2026 02:34:06, LastErrorDetails: Container did not start within expected time limit of 230s. Please inspect your container logs for more details., Details: Site container: azappeqxshezlak6lk terminated during site startup. Cancelling site startup., DetailsLevel: ERR
2026-03-11T02:34:07.3813253Z State: Stopping, Action: StoppingSiteNetworks, LastError: ContainerTimeout, LastErrorTimestamp: 03/11/2026 02:34:06, LastErrorDetails: Container did not start within expected time limit of 230s. Please inspect your container logs for more details., Details: Site container: azappeqxshezlak6lk terminated during site startup. Cancelling site startup., DetailsLevel: ERR
2026-03-11T02:34:07.7739712Z Site: azappeqxshezlak6lk will be blocked for 4 minutes till 03/11/2026 02:38:07
2026-03-11T02:34:07.7828261Z State: Blocked, Action: StoppingSiteNetworks, LastError: ContainerTimeout, LastErrorTimestamp: 03/11/2026 02:34:06, LastErrorDetails: Container did not start within expected time limit of 230s. Please inspect your container logs for more details., Details: Site: azappeqxshezlak6lk will be blocked for 4 minutes till 03/11/2026 02:38:07, DetailsLevel: WARN
2026-03-11T02:34:07.7927819Z State: Stopped, Action: None, LastError: ContainerTimeout, LastErrorTimestamp: 03/11/2026 02:34:06, LastErrorDetails: Container did not start within expected time limit of 230s. Please inspect your container logs for more details., Details: Site stopped at 03/11/2026 02:34:07 (UTC), DetailsLevel: WARN
2026-03-11T02:34:08.0151580Z State: Stopped, Action: None, LastError: ContainerTimeout, LastErrorTimestamp: 03/11/2026 02:34:06, LastErrorDetails: Container did not start within expected time limit of 230s. Please inspect your container logs for more details., Details: Site stopped at 03/11/2026 02:34:07 (UTC), DetailsLevel: WARN
2026-03-11T02:38:07.7722756Z Site: azappeqxshezlak6lk is unblocked.
2026-03-11T03:07:52.5963308Z State: Starting, Action: EstablishingSiteNetworks, LastError: ContainerTimeout, LastErrorTimestamp: 03/11/2026 02:34:06, LastErrorDetails: Container did not start within expected time limit of 230s. Please inspect your container logs for more details., Details: Site stopped at 03/11/2026 02:34:07 (UTC), DetailsLevel: WARN
2026-03-11T03:07:54.7281965Z State: Starting, Action: StartingMsiContainer, LastError: ContainerTimeout, LastErrorTimestamp: 03/11/2026 02:34:06, LastErrorDetails: Container did not start within expected time limit of 230s. Please inspect your container logs for more details., Details: Site stopped at 03/11/2026 02:34:07 (UTC), DetailsLevel: WARN
2026-03-11T03:08:01.9883523Z State: Starting, Action: StartingSiteContainers, LastError: ContainerTimeout, LastErrorTimestamp: 03/11/2026 02:34:06, LastErrorDetails: Container did not start within expected time limit of 230s. Please inspect your container logs for more details., Details: Site stopped at 03/11/2026 02:34:07 (UTC), DetailsLevel: WARN
2026-03-11T03:08:01.9892683Z Container start method called.
2026-03-11T03:08:01.9978829Z State: Starting, Action: PullingImage, LastError: ContainerTimeout, LastErrorTimestamp: 03/11/2026 02:34:06, LastErrorDetails: Container did not start within expected time limit of 230s. Please inspect your container logs for more details., Details: Pulling image mcr.microsoft.com/appsvc/node:20-lts_20260115.4.tuxprod for azappeqxshezlak6lk., DetailsLevel: INFO
2026-03-11T03:08:01.9982546Z Establishing network.
2026-03-11T03:08:01.9985358Z Pulling image: appsvc/node:20-lts_20260115.4.tuxprod.
2026-03-11T03:08:42.2782741Z Container is starting.
2026-03-11T03:08:42.3011201Z State: Starting, Action: MountingVolumes, LastError: ContainerTimeout, LastErrorTimestamp: 03/11/2026 02:34:06, LastErrorDetails: Container did not start within expected time limit of 230s. Please inspect your container logs for more details., Details: Mounting volumes for azappeqxshezlak6lk., DetailsLevel: INFO
2026-03-11T03:08:42.3016900Z Establishing user namespace if not established already.
2026-03-11T03:08:42.3025545Z Establishing network if not established already.
2026-03-11T03:08:42.3028332Z Mounting volumes.
2026-03-11T03:08:42.3033177Z Nested mountpoint site/wwwroot
2026-03-11T03:08:42.3318861Z Nested mountpoint volatile/logs
2026-03-11T03:08:42.3528480Z Nested mountpoint 
2026-03-11T03:08:42.4632643Z Nested mountpoint 
2026-03-11T03:08:42.5023047Z Nested mountpoint 
2026-03-11T03:08:42.5207358Z Nested mountpoint 
2026-03-11T03:08:42.9717842Z State: Starting, Action: CreatingContainer, LastError: ContainerTimeout, LastErrorTimestamp: 03/11/2026 02:34:06, LastErrorDetails: Container did not start within expected time limit of 230s. Please inspect your container logs for more details., Details: Finished pulling container image and mounting volumes for azappeqxshezlak6lk. Allocatinng the rest of the container resources to finish container creation., DetailsLevel: INFO
2026-03-11T03:08:42.9723739Z Creating container.
2026-03-11T03:08:42.9729397Z Creating pipes for streaming container io.
2026-03-11T03:08:42.9803532Z Creating stdout named pipe at /podr/container/pipe/09816e6642a2_azappeqxshezlak6lk/stdout_1f8e6cee46e94065aaafc8a2d1891c72.
2026-03-11T03:08:42.9893326Z Successfully created stdout named pipe at: /podr/container/pipe/09816e6642a2_azappeqxshezlak6lk/stdout_1f8e6cee46e94065aaafc8a2d1891c72.
2026-03-11T03:08:42.9898629Z Opening named pipe /podr/container/pipe/09816e6642a2_azappeqxshezlak6lk/stdout_1f8e6cee46e94065aaafc8a2d1891c72 for reading in non-blocking mode.
2026-03-11T03:08:42.9902240Z Successfully opened named pipe: /podr/container/pipe/09816e6642a2_azappeqxshezlak6lk/stdout_1f8e6cee46e94065aaafc8a2d1891c72.
2026-03-11T03:08:42.9905630Z Successfully removed non-blocking flag from /podr/container/pipe/09816e6642a2_azappeqxshezlak6lk/stdout_1f8e6cee46e94065aaafc8a2d1891c72.
2026-03-11T03:08:42.9916470Z Creating stderr named pipe at /podr/container/pipe/09816e6642a2_azappeqxshezlak6lk/stderr_05a5c73b70ea4298b607546e962f649a.
2026-03-11T03:08:42.9921716Z Successfully created stderr named pipe at: /podr/container/pipe/09816e6642a2_azappeqxshezlak6lk/stderr_05a5c73b70ea4298b607546e962f649a.
2026-03-11T03:08:42.9928486Z Opening named pipe /podr/container/pipe/09816e6642a2_azappeqxshezlak6lk/stderr_05a5c73b70ea4298b607546e962f649a for reading in non-blocking mode.
2026-03-11T03:08:42.9934490Z Successfully opened named pipe: /podr/container/pipe/09816e6642a2_azappeqxshezlak6lk/stderr_05a5c73b70ea4298b607546e962f649a.
2026-03-11T03:08:43.0008900Z Successfully removed non-blocking flag from /podr/container/pipe/09816e6642a2_azappeqxshezlak6lk/stderr_05a5c73b70ea4298b607546e962f649a.
2026-03-11T03:08:43.0016629Z Creating container with image: appsvc/node:20-lts_20260115.4.tuxprod from registry: mcr.microsoft.com and fully qualified image name: mcr.microsoft.com/appsvc/node:20-lts_20260115.4.tuxprod
2026-03-11T03:08:43.4708961Z Starting container: 09816e6642a2_azappeqxshezlak6lk.
2026-03-11T03:08:43.5431257Z Starting watchers and probes.
2026-03-11T03:08:43.5525454Z Starting metrics collection.
2026-03-11T03:08:43.5526763Z Container is running.
2026-03-11T03:08:43.5527365Z State: Starting, Action: CreatingContainer, LastError: ContainerTimeout, LastErrorTimestamp: 03/11/2026 02:34:06, LastErrorDetails: Container did not start within expected time limit of 230s. Please inspect your container logs for more details., Details: Container azappeqxshezlak6lk successfully created and is running., DetailsLevel: INFO
2026-03-11T03:08:43.6834197Z Container start method finished after 41694 ms.
2026-03-11T03:08:43.6835460Z State: Starting, Action: InitiatingSiteWarmUpProbe, LastError: ContainerTimeout, LastErrorTimestamp: 03/11/2026 02:34:06, LastErrorDetails: Container did not start within expected time limit of 230s. Please inspect your container logs for more details., Details: Container azappeqxshezlak6lk successfully created and is running., DetailsLevel: INFO
2026-03-11T03:08:43.6835609Z State: Starting, Action: WaitingForSiteWarmUpProbeSuccess, LastError: ContainerTimeout, LastErrorTimestamp: 03/11/2026 02:34:06, LastErrorDetails: Container did not start within expected time limit of 230s. Please inspect your container logs for more details., Details: Pinging warmup path to ensure container is ready to receive requests., DetailsLevel: INFO
2026-03-11T03:09:02.5515117Z Container has finished running with exit code: 1.
2026-03-11T03:09:02.5575686Z Container is terminating. Grace period: 5 seconds.
2026-03-11T03:09:02.5593046Z Stop and delete container. Retry count = 0
2026-03-11T03:09:02.5667984Z Stopping container: 09816e6642a2_azappeqxshezlak6lk.
2026-03-11T03:09:02.6475877Z Deleting container: 09816e6642a2_azappeqxshezlak6lk. Retry count = 0
2026-03-11T03:09:02.9210993Z Container spec TerminationMessagePolicy  path 
2026-03-11T03:09:02.9298128Z Container is terminated. Total time elapsed: 364 ms.
2026-03-11T03:09:02.9305055Z Site container: azappeqxshezlak6lk terminated during site startup.
2026-03-11T03:09:02.9311605Z State: Stopping, Action: CancellingStartup, LastError: ContainerTimeout, LastErrorTimestamp: 03/11/2026 02:34:06, LastErrorDetails: Container did not start within expected time limit of 230s. Please inspect your container logs for more details., Details: Site container: azappeqxshezlak6lk terminated during site startup. Cancelling site startup., DetailsLevel: ERR
2026-03-11T03:09:03.0213331Z Site startup probe failed after 19.2867083 seconds.
2026-03-11T03:09:03.2695149Z State: Stopping, Action: CancellingStartup, LastError: ContainerTimeout, LastErrorTimestamp: 03/11/2026 03:09:03, LastErrorDetails: Container did not start within expected time limit of 230s. Please inspect your container logs for more details., Details: Site container: azappeqxshezlak6lk terminated during site startup. Cancelling site startup., DetailsLevel: ERR
2026-03-11T03:09:03.2710778Z Failed to start site. Revert by stopping site.
2026-03-11T03:09:03.2794100Z State: Stopping, Action: StoppingSite, LastError: ContainerTimeout, LastErrorTimestamp: 03/11/2026 03:09:03, LastErrorDetails: Container did not start within expected time limit of 230s. Please inspect your container logs for more details., Details: Site container: azappeqxshezlak6lk terminated during site startup. Cancelling site startup., DetailsLevel: ERR
2026-03-11T03:09:03.2804646Z State: Stopping, Action: StoppingSiteContainers, LastError: ContainerTimeout, LastErrorTimestamp: 03/11/2026 03:09:03, LastErrorDetails: Container did not start within expected time limit of 230s. Please inspect your container logs for more details., Details: Site container: azappeqxshezlak6lk terminated during site startup. Cancelling site startup., DetailsLevel: ERR
2026-03-11T03:09:03.2807964Z Site: azappeqxshezlak6lk stopped.
2026-03-11T03:09:03.3099113Z State: Stopping, Action: UnmountingVolumes, LastError: ContainerTimeout, LastErrorTimestamp: 03/11/2026 03:09:03, LastErrorDetails: Container did not start within expected time limit of 230s. Please inspect your container logs for more details., Details: Site container: azappeqxshezlak6lk terminated during site startup. Cancelling site startup., DetailsLevel: ERR
2026-03-11T03:09:04.1142604Z Site container: azappeqxshezlak6lk_managedIdentity terminated during site startup.
2026-03-11T03:09:04.1235693Z State: Stopping, Action: UnmountingVolumes, LastError: ContainerTimeout, LastErrorTimestamp: 03/11/2026 03:09:03, LastErrorDetails: Container did not start within expected time limit of 230s. Please inspect your container logs for more details., Details: Site container: azappeqxshezlak6lk terminated during site startup. Cancelling site startup., DetailsLevel: ERR
2026-03-11T03:09:04.2433986Z State: Stopping, Action: StoppingSiteNetworks, LastError: ContainerTimeout, LastErrorTimestamp: 03/11/2026 03:09:03, LastErrorDetails: Container did not start within expected time limit of 230s. Please inspect your container logs for more details., Details: Site container: azappeqxshezlak6lk terminated during site startup. Cancelling site startup., DetailsLevel: ERR
2026-03-11T03:09:04.4720250Z Site: azappeqxshezlak6lk will be blocked for 4 minutes till 03/11/2026 03:13:04
2026-03-11T03:09:04.4730178Z State: Blocked, Action: StoppingSiteNetworks, LastError: ContainerTimeout, LastErrorTimestamp: 03/11/2026 03:09:03, LastErrorDetails: Container did not start within expected time limit of 230s. Please inspect your container logs for more details., Details: Site: azappeqxshezlak6lk will be blocked for 4 minutes till 03/11/2026 03:13:04, DetailsLevel: WARN
2026-03-11T03:09:04.4747870Z State: Stopped, Action: None, LastError: ContainerTimeout, LastErrorTimestamp: 03/11/2026 03:09:03, LastErrorDetails: Container did not start within expected time limit of 230s. Please inspect your container logs for more details., Details: Site stopped at 03/11/2026 03:09:04 (UTC), DetailsLevel: WARN
2026-03-11T03:09:04.6327732Z State: Stopped, Action: None, LastError: ContainerTimeout, LastErrorTimestamp: 03/11/2026 03:09:03, LastErrorDetails: Container did not start within expected time limit of 230s. Please inspect your container logs for more details., Details: Site stopped at 03/11/2026 03:09:04 (UTC), DetailsLevel: WARN
2026-03-11T03:13:04.4648077Z Site: azappeqxshezlak6lk is unblocked.
2026-03-11T03:42:54.8814919Z State: Starting, Action: EstablishingSiteNetworks, LastError: ContainerTimeout, LastErrorTimestamp: 03/11/2026 03:09:03, LastErrorDetails: Container did not start within expected time limit of 230s. Please inspect your container logs for more details., Details: Site stopped at 03/11/2026 03:09:04 (UTC), DetailsLevel: WARN
2026-03-11T03:42:56.5848304Z State: Starting, Action: StartingMsiContainer, LastError: ContainerTimeout, LastErrorTimestamp: 03/11/2026 03:09:03, LastErrorDetails: Container did not start within expected time limit of 230s. Please inspect your container logs for more details., Details: Site stopped at 03/11/2026 03:09:04 (UTC), DetailsLevel: WARN
2026-03-11T03:43:04.6754358Z State: Starting, Action: StartingSiteContainers, LastError: ContainerTimeout, LastErrorTimestamp: 03/11/2026 03:09:03, LastErrorDetails: Container did not start within expected time limit of 230s. Please inspect your container logs for more details., Details: Site stopped at 03/11/2026 03:09:04 (UTC), DetailsLevel: WARN
2026-03-11T03:43:04.6756875Z Container start method called.
2026-03-11T03:43:04.6759234Z State: Starting, Action: PullingImage, LastError: ContainerTimeout, LastErrorTimestamp: 03/11/2026 03:09:03, LastErrorDetails: Container did not start within expected time limit of 230s. Please inspect your container logs for more details., Details: Pulling image mcr.microsoft.com/appsvc/node:20-lts_20260115.4.tuxprod for azappeqxshezlak6lk., DetailsLevel: INFO
2026-03-11T03:43:04.6761651Z Establishing network.
2026-03-11T03:43:04.6765181Z Pulling image: appsvc/node:20-lts_20260115.4.tuxprod.
2026-03-11T03:43:46.1666157Z Container is starting.
2026-03-11T03:43:46.1673190Z State: Starting, Action: MountingVolumes, LastError: ContainerTimeout, LastErrorTimestamp: 03/11/2026 03:09:03, LastErrorDetails: Container did not start within expected time limit of 230s. Please inspect your container logs for more details., Details: Mounting volumes for azappeqxshezlak6lk., DetailsLevel: INFO
2026-03-11T03:43:46.1674371Z Establishing user namespace if not established already.
2026-03-11T03:43:46.1680623Z Establishing network if not established already.
2026-03-11T03:43:46.1681680Z Mounting volumes.
2026-03-11T03:43:46.1685455Z Nested mountpoint site/wwwroot
2026-03-11T03:43:46.1966647Z Nested mountpoint volatile/logs
2026-03-11T03:43:46.2379494Z Nested mountpoint 
2026-03-11T03:43:46.3477577Z Nested mountpoint 
2026-03-11T03:43:46.3968077Z Nested mountpoint 
2026-03-11T03:43:46.4163594Z Nested mountpoint 
2026-03-11T03:43:46.8993689Z State: Starting, Action: CreatingContainer, LastError: ContainerTimeout, LastErrorTimestamp: 03/11/2026 03:09:03, LastErrorDetails: Container did not start within expected time limit of 230s. Please inspect your container logs for more details., Details: Finished pulling container image and mounting volumes for azappeqxshezlak6lk. Allocatinng the rest of the container resources to finish container creation., DetailsLevel: INFO
2026-03-11T03:43:46.9001541Z Creating container.
2026-03-11T03:43:46.9010859Z Creating pipes for streaming container io.
2026-03-11T03:43:46.9018124Z Creating stdout named pipe at /podr/container/pipe/beb4ca19ba7b_azappeqxshezlak6lk/stdout_71a277989f8045f79fb7ca428267e058.
2026-03-11T03:43:46.9091549Z Successfully created stdout named pipe at: /podr/container/pipe/beb4ca19ba7b_azappeqxshezlak6lk/stdout_71a277989f8045f79fb7ca428267e058.
2026-03-11T03:43:46.9096110Z Opening named pipe /podr/container/pipe/beb4ca19ba7b_azappeqxshezlak6lk/stdout_71a277989f8045f79fb7ca428267e058 for reading in non-blocking mode.
2026-03-11T03:43:46.9100551Z Successfully opened named pipe: /podr/container/pipe/beb4ca19ba7b_azappeqxshezlak6lk/stdout_71a277989f8045f79fb7ca428267e058.
2026-03-11T03:43:46.9104838Z Successfully removed non-blocking flag from /podr/container/pipe/beb4ca19ba7b_azappeqxshezlak6lk/stdout_71a277989f8045f79fb7ca428267e058.
2026-03-11T03:43:46.9111081Z Creating stderr named pipe at /podr/container/pipe/beb4ca19ba7b_azappeqxshezlak6lk/stderr_263f8d0e43e64334b04bd4ccf75097aa.
2026-03-11T03:43:46.9188306Z Successfully created stderr named pipe at: /podr/container/pipe/beb4ca19ba7b_azappeqxshezlak6lk/stderr_263f8d0e43e64334b04bd4ccf75097aa.
2026-03-11T03:43:46.9195787Z Opening named pipe /podr/container/pipe/beb4ca19ba7b_azappeqxshezlak6lk/stderr_263f8d0e43e64334b04bd4ccf75097aa for reading in non-blocking mode.
2026-03-11T03:43:46.9200394Z Successfully opened named pipe: /podr/container/pipe/beb4ca19ba7b_azappeqxshezlak6lk/stderr_263f8d0e43e64334b04bd4ccf75097aa.
2026-03-11T03:43:46.9204312Z Successfully removed non-blocking flag from /podr/container/pipe/beb4ca19ba7b_azappeqxshezlak6lk/stderr_263f8d0e43e64334b04bd4ccf75097aa.
2026-03-11T03:43:46.9211288Z Creating container with image: appsvc/node:20-lts_20260115.4.tuxprod from registry: mcr.microsoft.com and fully qualified image name: mcr.microsoft.com/appsvc/node:20-lts_20260115.4.tuxprod
2026-03-11T03:43:47.2896702Z Starting container: beb4ca19ba7b_azappeqxshezlak6lk.
2026-03-11T03:43:47.3510611Z Starting watchers and probes.
2026-03-11T03:43:47.3702748Z Starting metrics collection.
2026-03-11T03:43:47.3705805Z Container is running.
2026-03-11T03:43:47.3706428Z State: Starting, Action: CreatingContainer, LastError: ContainerTimeout, LastErrorTimestamp: 03/11/2026 03:09:03, LastErrorDetails: Container did not start within expected time limit of 230s. Please inspect your container logs for more details., Details: Container azappeqxshezlak6lk successfully created and is running., DetailsLevel: INFO
2026-03-11T03:43:47.5311893Z Container start method finished after 42855 ms.
2026-03-11T03:43:47.5327770Z State: Starting, Action: InitiatingSiteWarmUpProbe, LastError: ContainerTimeout, LastErrorTimestamp: 03/11/2026 03:09:03, LastErrorDetails: Container did not start within expected time limit of 230s. Please inspect your container logs for more details., Details: Container azappeqxshezlak6lk successfully created and is running., DetailsLevel: INFO
2026-03-11T03:43:47.5403024Z State: Starting, Action: WaitingForSiteWarmUpProbeSuccess, LastError: ContainerTimeout, LastErrorTimestamp: 03/11/2026 03:09:03, LastErrorDetails: Container did not start within expected time limit of 230s. Please inspect your container logs for more details., Details: Pinging warmup path to ensure container is ready to receive requests., DetailsLevel: INFO
2026-03-11T03:44:06.6187018Z Container has finished running with exit code: 1.
2026-03-11T03:44:06.6264648Z Container is terminating. Grace period: 5 seconds.
2026-03-11T03:44:06.6289528Z Stop and delete container. Retry count = 0
2026-03-11T03:44:06.6361242Z Stopping container: beb4ca19ba7b_azappeqxshezlak6lk.
2026-03-11T03:44:06.7162573Z Deleting container: beb4ca19ba7b_azappeqxshezlak6lk. Retry count = 0
2026-03-11T03:44:06.9181500Z Container spec TerminationMessagePolicy  path 
2026-03-11T03:44:06.9264162Z Container is terminated. Total time elapsed: 293 ms.
2026-03-11T03:44:06.9275399Z Site container: azappeqxshezlak6lk terminated during site startup.
2026-03-11T03:44:06.9365078Z State: Stopping, Action: CancellingStartup, LastError: ContainerTimeout, LastErrorTimestamp: 03/11/2026 03:09:03, LastErrorDetails: Container did not start within expected time limit of 230s. Please inspect your container logs for more details., Details: Site container: azappeqxshezlak6lk terminated during site startup. Cancelling site startup., DetailsLevel: ERR
2026-03-11T03:44:06.9586507Z Site startup probe failed after 19.2886228 seconds.
2026-03-11T03:44:07.1793205Z State: Stopping, Action: CancellingStartup, LastError: ContainerTimeout, LastErrorTimestamp: 03/11/2026 03:44:07, LastErrorDetails: Container did not start within expected time limit of 230s. Please inspect your container logs for more details., Details: Site container: azappeqxshezlak6lk terminated during site startup. Cancelling site startup., DetailsLevel: ERR
2026-03-11T03:44:07.2078557Z Failed to start site. Revert by stopping site.
2026-03-11T03:44:07.2182842Z State: Stopping, Action: StoppingSite, LastError: ContainerTimeout, LastErrorTimestamp: 03/11/2026 03:44:07, LastErrorDetails: Container did not start within expected time limit of 230s. Please inspect your container logs for more details., Details: Site container: azappeqxshezlak6lk terminated during site startup. Cancelling site startup., DetailsLevel: ERR
2026-03-11T03:44:07.2266148Z State: Stopping, Action: StoppingSiteContainers, LastError: ContainerTimeout, LastErrorTimestamp: 03/11/2026 03:44:07, LastErrorDetails: Container did not start within expected time limit of 230s. Please inspect your container logs for more details., Details: Site container: azappeqxshezlak6lk terminated during site startup. Cancelling site startup., DetailsLevel: ERR
2026-03-11T03:44:07.2272341Z Site: azappeqxshezlak6lk stopped.
2026-03-11T03:44:07.2562419Z State: Stopping, Action: UnmountingVolumes, LastError: ContainerTimeout, LastErrorTimestamp: 03/11/2026 03:44:07, LastErrorDetails: Container did not start within expected time limit of 230s. Please inspect your container logs for more details., Details: Site container: azappeqxshezlak6lk terminated during site startup. Cancelling site startup., DetailsLevel: ERR
2026-03-11T03:44:08.0611912Z Site container: azappeqxshezlak6lk_managedIdentity terminated during site startup.
2026-03-11T03:44:08.0613776Z State: Stopping, Action: UnmountingVolumes, LastError: ContainerTimeout, LastErrorTimestamp: 03/11/2026 03:44:07, LastErrorDetails: Container did not start within expected time limit of 230s. Please inspect your container logs for more details., Details: Site container: azappeqxshezlak6lk terminated during site startup. Cancelling site startup., DetailsLevel: ERR
2026-03-11T03:44:08.1833783Z State: Stopping, Action: StoppingSiteNetworks, LastError: ContainerTimeout, LastErrorTimestamp: 03/11/2026 03:44:07, LastErrorDetails: Container did not start within expected time limit of 230s. Please inspect your container logs for more details., Details: Site container: azappeqxshezlak6lk terminated during site startup. Cancelling site startup., DetailsLevel: ERR
2026-03-11T03:44:08.4605880Z Site: azappeqxshezlak6lk will be blocked for 4 minutes till 03/11/2026 03:48:08
2026-03-11T03:44:08.4608842Z State: Blocked, Action: StoppingSiteNetworks, LastError: ContainerTimeout, LastErrorTimestamp: 03/11/2026 03:44:07, LastErrorDetails: Container did not start within expected time limit of 230s. Please inspect your container logs for more details., Details: Site: azappeqxshezlak6lk will be blocked for 4 minutes till 03/11/2026 03:48:08, DetailsLevel: WARN
2026-03-11T03:44:08.4630487Z State: Stopped, Action: None, LastError: ContainerTimeout, LastErrorTimestamp: 03/11/2026 03:44:07, LastErrorDetails: Container did not start within expected time limit of 230s. Please inspect your container logs for more details., Details: Site stopped at 03/11/2026 03:44:08 (UTC), DetailsLevel: WARN
2026-03-11T03:44:08.5927231Z State: Stopped, Action: None, LastError: ContainerTimeout, LastErrorTimestamp: 03/11/2026 03:44:07, LastErrorDetails: Container did not start within expected time limit of 230s. Please inspect your container logs for more details., Details: Site stopped at 03/11/2026 03:44:08 (UTC), DetailsLevel: WARN
2026-03-11T03:48:08.4454701Z Site: azappeqxshezlak6lk is unblocked.
2026-03-11T04:17:57.4482486Z State: Starting, Action: EstablishingSiteNetworks, LastError: ContainerTimeout, LastErrorTimestamp: 03/11/2026 03:44:07, LastErrorDetails: Container did not start within expected time limit of 230s. Please inspect your container logs for more details., Details: Site stopped at 03/11/2026 03:44:08 (UTC), DetailsLevel: WARN
2026-03-11T04:17:58.9979897Z State: Starting, Action: StartingMsiContainer, LastError: ContainerTimeout, LastErrorTimestamp: 03/11/2026 03:44:07, LastErrorDetails: Container did not start within expected time limit of 230s. Please inspect your container logs for more details., Details: Site stopped at 03/11/2026 03:44:08 (UTC), DetailsLevel: WARN
2026-03-11T04:18:08.1988916Z State: Starting, Action: StartingSiteContainers, LastError: ContainerTimeout, LastErrorTimestamp: 03/11/2026 03:44:07, LastErrorDetails: Container did not start within expected time limit of 230s. Please inspect your container logs for more details., Details: Site stopped at 03/11/2026 03:44:08 (UTC), DetailsLevel: WARN
2026-03-11T04:18:08.1995335Z Container start method called.
2026-03-11T04:18:08.1998997Z State: Starting, Action: PullingImage, LastError: ContainerTimeout, LastErrorTimestamp: 03/11/2026 03:44:07, LastErrorDetails: Container did not start within expected time limit of 230s. Please inspect your container logs for more details., Details: Pulling image mcr.microsoft.com/appsvc/node:20-lts_20260115.4.tuxprod for azappeqxshezlak6lk., DetailsLevel: INFO
2026-03-11T04:18:08.2000550Z Establishing network.
2026-03-11T04:18:08.2004026Z Pulling image: appsvc/node:20-lts_20260115.4.tuxprod.
2026-03-11T04:18:51.0687341Z Container is starting.
2026-03-11T04:18:51.0762790Z State: Starting, Action: MountingVolumes, LastError: ContainerTimeout, LastErrorTimestamp: 03/11/2026 03:44:07, LastErrorDetails: Container did not start within expected time limit of 230s. Please inspect your container logs for more details., Details: Mounting volumes for azappeqxshezlak6lk., DetailsLevel: INFO
2026-03-11T04:18:51.0764469Z Establishing user namespace if not established already.
2026-03-11T04:18:51.0774185Z Establishing network if not established already.
2026-03-11T04:18:51.0777524Z Mounting volumes.
2026-03-11T04:18:51.0779738Z Nested mountpoint site/wwwroot
2026-03-11T04:18:51.1273368Z Nested mountpoint volatile/logs
2026-03-11T04:18:51.1373005Z Nested mountpoint 
2026-03-11T04:18:51.1480225Z Nested mountpoint 
2026-03-11T04:18:51.2988170Z Nested mountpoint 
2026-03-11T04:18:51.3264079Z Nested mountpoint 
2026-03-11T04:18:51.8423367Z State: Starting, Action: CreatingContainer, LastError: ContainerTimeout, LastErrorTimestamp: 03/11/2026 03:44:07, LastErrorDetails: Container did not start within expected time limit of 230s. Please inspect your container logs for more details., Details: Finished pulling container image and mounting volumes for azappeqxshezlak6lk. Allocatinng the rest of the container resources to finish container creation., DetailsLevel: INFO
2026-03-11T04:18:51.8501318Z Creating container.
2026-03-11T04:18:51.8510842Z Creating pipes for streaming container io.
2026-03-11T04:18:51.8516010Z Creating stdout named pipe at /podr/container/pipe/1409f2ad0eaf_azappeqxshezlak6lk/stdout_b59a4a9cc24f4cd9bb38cf9ce218e82f.
2026-03-11T04:18:51.8521237Z Successfully created stdout named pipe at: /podr/container/pipe/1409f2ad0eaf_azappeqxshezlak6lk/stdout_b59a4a9cc24f4cd9bb38cf9ce218e82f.
2026-03-11T04:18:51.8525895Z Opening named pipe /podr/container/pipe/1409f2ad0eaf_azappeqxshezlak6lk/stdout_b59a4a9cc24f4cd9bb38cf9ce218e82f for reading in non-blocking mode.
2026-03-11T04:18:51.8604520Z Successfully opened named pipe: /podr/container/pipe/1409f2ad0eaf_azappeqxshezlak6lk/stdout_b59a4a9cc24f4cd9bb38cf9ce218e82f.
2026-03-11T04:18:51.8608418Z Successfully removed non-blocking flag from /podr/container/pipe/1409f2ad0eaf_azappeqxshezlak6lk/stdout_b59a4a9cc24f4cd9bb38cf9ce218e82f.
2026-03-11T04:18:51.8611479Z Creating stderr named pipe at /podr/container/pipe/1409f2ad0eaf_azappeqxshezlak6lk/stderr_79121418e7df455fb498493c5c0ad188.
2026-03-11T04:18:51.8616162Z Successfully created stderr named pipe at: /podr/container/pipe/1409f2ad0eaf_azappeqxshezlak6lk/stderr_79121418e7df455fb498493c5c0ad188.
2026-03-11T04:18:51.8617042Z Opening named pipe /podr/container/pipe/1409f2ad0eaf_azappeqxshezlak6lk/stderr_79121418e7df455fb498493c5c0ad188 for reading in non-blocking mode.
2026-03-11T04:18:51.8620802Z Successfully opened named pipe: /podr/container/pipe/1409f2ad0eaf_azappeqxshezlak6lk/stderr_79121418e7df455fb498493c5c0ad188.
2026-03-11T04:18:51.8626144Z Successfully removed non-blocking flag from /podr/container/pipe/1409f2ad0eaf_azappeqxshezlak6lk/stderr_79121418e7df455fb498493c5c0ad188.
2026-03-11T04:18:51.8628493Z Creating container with image: appsvc/node:20-lts_20260115.4.tuxprod from registry: mcr.microsoft.com and fully qualified image name: mcr.microsoft.com/appsvc/node:20-lts_20260115.4.tuxprod
2026-03-11T04:18:52.3399987Z Starting container: 1409f2ad0eaf_azappeqxshezlak6lk.
2026-03-11T04:18:52.3846287Z Starting watchers and probes.
2026-03-11T04:18:52.4057591Z Starting metrics collection.
2026-03-11T04:18:52.4064306Z Container is running.
2026-03-11T04:18:52.4133195Z State: Starting, Action: CreatingContainer, LastError: ContainerTimeout, LastErrorTimestamp: 03/11/2026 03:44:07, LastErrorDetails: Container did not start within expected time limit of 230s. Please inspect your container logs for more details., Details: Container azappeqxshezlak6lk successfully created and is running., DetailsLevel: INFO
2026-03-11T04:18:52.5531370Z Container start method finished after 44353 ms.
2026-03-11T04:18:52.5630996Z State: Starting, Action: InitiatingSiteWarmUpProbe, LastError: ContainerTimeout, LastErrorTimestamp: 03/11/2026 03:44:07, LastErrorDetails: Container did not start within expected time limit of 230s. Please inspect your container logs for more details., Details: Container azappeqxshezlak6lk successfully created and is running., DetailsLevel: INFO
2026-03-11T04:18:52.5636323Z State: Starting, Action: WaitingForSiteWarmUpProbeSuccess, LastError: ContainerTimeout, LastErrorTimestamp: 03/11/2026 03:44:07, LastErrorDetails: Container did not start within expected time limit of 230s. Please inspect your container logs for more details., Details: Pinging warmup path to ensure container is ready to receive requests., DetailsLevel: INFO
2026-03-11T04:19:12.1545865Z Container has finished running with exit code: 1.
2026-03-11T04:19:12.1549911Z Container is terminating. Grace period: 5 seconds.
2026-03-11T04:19:12.1634618Z Stop and delete container. Retry count = 0
2026-03-11T04:19:12.1646502Z Stopping container: 1409f2ad0eaf_azappeqxshezlak6lk.
2026-03-11T04:19:12.2139713Z Deleting container: 1409f2ad0eaf_azappeqxshezlak6lk. Retry count = 0
2026-03-11T04:19:12.3862173Z Container spec TerminationMessagePolicy  path 
2026-03-11T04:19:12.3927733Z Container is terminated. Total time elapsed: 237 ms.
2026-03-11T04:19:12.3931284Z Site container: azappeqxshezlak6lk terminated during site startup.
2026-03-11T04:19:12.3935672Z State: Stopping, Action: CancellingStartup, LastError: ContainerTimeout, LastErrorTimestamp: 03/11/2026 03:44:07, LastErrorDetails: Container did not start within expected time limit of 230s. Please inspect your container logs for more details., Details: Site container: azappeqxshezlak6lk terminated during site startup. Cancelling site startup., DetailsLevel: ERR
2026-03-11T04:19:12.4532588Z Site startup probe failed after 19.8270322 seconds.
2026-03-11T04:19:12.6845647Z State: Stopping, Action: CancellingStartup, LastError: ContainerTimeout, LastErrorTimestamp: 03/11/2026 04:19:12, LastErrorDetails: Container did not start within expected time limit of 230s. Please inspect your container logs for more details., Details: Site container: azappeqxshezlak6lk terminated during site startup. Cancelling site startup., DetailsLevel: ERR
2026-03-11T04:19:12.6942577Z Failed to start site. Revert by stopping site.
2026-03-11T04:19:12.7047322Z State: Stopping, Action: StoppingSite, LastError: ContainerTimeout, LastErrorTimestamp: 03/11/2026 04:19:12, LastErrorDetails: Container did not start within expected time limit of 230s. Please inspect your container logs for more details., Details: Site container: azappeqxshezlak6lk terminated during site startup. Cancelling site startup., DetailsLevel: ERR
2026-03-11T04:19:12.7052495Z State: Stopping, Action: StoppingSiteContainers, LastError: ContainerTimeout, LastErrorTimestamp: 03/11/2026 04:19:12, LastErrorDetails: Container did not start within expected time limit of 230s. Please inspect your container logs for more details., Details: Site container: azappeqxshezlak6lk terminated during site startup. Cancelling site startup., DetailsLevel: ERR
2026-03-11T04:19:12.7052610Z Site: azappeqxshezlak6lk stopped.
2026-03-11T04:19:12.7243407Z State: Stopping, Action: UnmountingVolumes, LastError: ContainerTimeout, LastErrorTimestamp: 03/11/2026 04:19:12, LastErrorDetails: Container did not start within expected time limit of 230s. Please inspect your container logs for more details., Details: Site container: azappeqxshezlak6lk terminated during site startup. Cancelling site startup., DetailsLevel: ERR
2026-03-11T04:19:13.7135052Z Site container: azappeqxshezlak6lk_managedIdentity terminated during site startup.
2026-03-11T04:19:13.7140067Z State: Stopping, Action: UnmountingVolumes, LastError: ContainerTimeout, LastErrorTimestamp: 03/11/2026 04:19:12, LastErrorDetails: Container did not start within expected time limit of 230s. Please inspect your container logs for more details., Details: Site container: azappeqxshezlak6lk terminated during site startup. Cancelling site startup., DetailsLevel: ERR
2026-03-11T04:19:13.8235968Z State: Stopping, Action: StoppingSiteNetworks, LastError: ContainerTimeout, LastErrorTimestamp: 03/11/2026 04:19:12, LastErrorDetails: Container did not start within expected time limit of 230s. Please inspect your container logs for more details., Details: Site container: azappeqxshezlak6lk terminated during site startup. Cancelling site startup., DetailsLevel: ERR
2026-03-11T04:19:14.1132831Z Site: azappeqxshezlak6lk will be blocked for 4 minutes till 03/11/2026 04:23:14
2026-03-11T04:19:14.1135025Z State: Blocked, Action: StoppingSiteNetworks, LastError: ContainerTimeout, LastErrorTimestamp: 03/11/2026 04:19:12, LastErrorDetails: Container did not start within expected time limit of 230s. Please inspect your container logs for more details., Details: Site: azappeqxshezlak6lk will be blocked for 4 minutes till 03/11/2026 04:23:14, DetailsLevel: WARN
2026-03-11T04:19:14.1228450Z State: Stopped, Action: None, LastError: ContainerTimeout, LastErrorTimestamp: 03/11/2026 04:19:12, LastErrorDetails: Container did not start within expected time limit of 230s. Please inspect your container logs for more details., Details: Site stopped at 03/11/2026 04:19:14 (UTC), DetailsLevel: WARN
2026-03-11T04:19:14.2542637Z State: Stopped, Action: None, LastError: ContainerTimeout, LastErrorTimestamp: 03/11/2026 04:19:12, LastErrorDetails: Container did not start within expected time limit of 230s. Please inspect your container logs for more details., Details: Site stopped at 03/11/2026 04:19:14 (UTC), DetailsLevel: WARN
2026-03-11T04:23:14.1062092Z Site: azappeqxshezlak6lk is unblocked.
2026-03-11T04:52:59.9799955Z State: Starting, Action: EstablishingSiteNetworks, LastError: ContainerTimeout, LastErrorTimestamp: 03/11/2026 04:19:12, LastErrorDetails: Container did not start within expected time limit of 230s. Please inspect your container logs for more details., Details: Site stopped at 03/11/2026 04:19:14 (UTC), DetailsLevel: WARN
2026-03-11T04:53:01.8689670Z State: Starting, Action: StartingMsiContainer, LastError: ContainerTimeout, LastErrorTimestamp: 03/11/2026 04:19:12, LastErrorDetails: Container did not start within expected time limit of 230s. Please inspect your container logs for more details., Details: Site stopped at 03/11/2026 04:19:14 (UTC), DetailsLevel: WARN
2026-03-11T04:53:09.8971469Z State: Starting, Action: StartingSiteContainers, LastError: ContainerTimeout, LastErrorTimestamp: 03/11/2026 04:19:12, LastErrorDetails: Container did not start within expected time limit of 230s. Please inspect your container logs for more details., Details: Site stopped at 03/11/2026 04:19:14 (UTC), DetailsLevel: WARN
2026-03-11T04:53:09.8981794Z Container start method called.
2026-03-11T04:53:09.8987478Z State: Starting, Action: PullingImage, LastError: ContainerTimeout, LastErrorTimestamp: 03/11/2026 04:19:12, LastErrorDetails: Container did not start within expected time limit of 230s. Please inspect your container logs for more details., Details: Pulling image mcr.microsoft.com/appsvc/node:20-lts_20260115.4.tuxprod for azappeqxshezlak6lk., DetailsLevel: INFO
2026-03-11T04:53:09.8995059Z Establishing network.
2026-03-11T04:53:09.8999887Z Pulling image: appsvc/node:20-lts_20260115.4.tuxprod.
2026-03-11T04:53:50.9294252Z Container is starting.
2026-03-11T04:53:50.9383458Z State: Starting, Action: MountingVolumes, LastError: ContainerTimeout, LastErrorTimestamp: 03/11/2026 04:19:12, LastErrorDetails: Container did not start within expected time limit of 230s. Please inspect your container logs for more details., Details: Mounting volumes for azappeqxshezlak6lk., DetailsLevel: INFO
2026-03-11T04:53:50.9388927Z Establishing user namespace if not established already.
2026-03-11T04:53:50.9391884Z Establishing network if not established already.
2026-03-11T04:53:50.9395792Z Mounting volumes.
2026-03-11T04:53:50.9498237Z Nested mountpoint site/wwwroot
2026-03-11T04:53:50.9913807Z Nested mountpoint volatile/logs
2026-03-11T04:53:51.0006878Z Nested mountpoint 
2026-03-11T04:53:51.0306248Z Nested mountpoint 
2026-03-11T04:53:51.0688379Z Nested mountpoint 
2026-03-11T04:53:51.0806966Z Nested mountpoint 
2026-03-11T04:53:51.6407661Z State: Starting, Action: CreatingContainer, LastError: ContainerTimeout, LastErrorTimestamp: 03/11/2026 04:19:12, LastErrorDetails: Container did not start within expected time limit of 230s. Please inspect your container logs for more details., Details: Finished pulling container image and mounting volumes for azappeqxshezlak6lk. Allocatinng the rest of the container resources to finish container creation., DetailsLevel: INFO
2026-03-11T04:53:51.6408552Z Creating container.
2026-03-11T04:53:51.6409311Z Creating pipes for streaming container io.
2026-03-11T04:53:51.6410007Z Creating stdout named pipe at /podr/container/pipe/072559d408a3_azappeqxshezlak6lk/stdout_cc2de9135af44106baefde1411372893.
2026-03-11T04:53:51.6414465Z Successfully created stdout named pipe at: /podr/container/pipe/072559d408a3_azappeqxshezlak6lk/stdout_cc2de9135af44106baefde1411372893.
2026-03-11T04:53:51.6415458Z Opening named pipe /podr/container/pipe/072559d408a3_azappeqxshezlak6lk/stdout_cc2de9135af44106baefde1411372893 for reading in non-blocking mode.
2026-03-11T04:53:51.6416308Z Successfully opened named pipe: /podr/container/pipe/072559d408a3_azappeqxshezlak6lk/stdout_cc2de9135af44106baefde1411372893.
2026-03-11T04:53:51.6416983Z Successfully removed non-blocking flag from /podr/container/pipe/072559d408a3_azappeqxshezlak6lk/stdout_cc2de9135af44106baefde1411372893.
2026-03-11T04:53:51.6501289Z Creating stderr named pipe at /podr/container/pipe/072559d408a3_azappeqxshezlak6lk/stderr_3552b7cf7fba489baa3a903e75306488.
2026-03-11T04:53:51.6502549Z Successfully created stderr named pipe at: /podr/container/pipe/072559d408a3_azappeqxshezlak6lk/stderr_3552b7cf7fba489baa3a903e75306488.
2026-03-11T04:53:51.6503292Z Opening named pipe /podr/container/pipe/072559d408a3_azappeqxshezlak6lk/stderr_3552b7cf7fba489baa3a903e75306488 for reading in non-blocking mode.
2026-03-11T04:53:51.6504820Z Successfully opened named pipe: /podr/container/pipe/072559d408a3_azappeqxshezlak6lk/stderr_3552b7cf7fba489baa3a903e75306488.
2026-03-11T04:53:51.6505582Z Successfully removed non-blocking flag from /podr/container/pipe/072559d408a3_azappeqxshezlak6lk/stderr_3552b7cf7fba489baa3a903e75306488.
2026-03-11T04:53:51.6510696Z Creating container with image: appsvc/node:20-lts_20260115.4.tuxprod from registry: mcr.microsoft.com and fully qualified image name: mcr.microsoft.com/appsvc/node:20-lts_20260115.4.tuxprod
2026-03-11T04:53:52.0619902Z Starting container: 072559d408a3_azappeqxshezlak6lk.
2026-03-11T04:53:52.1156631Z Starting watchers and probes.
2026-03-11T04:53:52.1249209Z Starting metrics collection.
2026-03-11T04:53:52.1334663Z Container is running.
2026-03-11T04:53:52.1338856Z State: Starting, Action: CreatingContainer, LastError: ContainerTimeout, LastErrorTimestamp: 03/11/2026 04:19:12, LastErrorDetails: Container did not start within expected time limit of 230s. Please inspect your container logs for more details., Details: Container azappeqxshezlak6lk successfully created and is running., DetailsLevel: INFO
2026-03-11T04:53:52.2955463Z Container start method finished after 42387 ms.
2026-03-11T04:53:52.3148621Z State: Starting, Action: InitiatingSiteWarmUpProbe, LastError: ContainerTimeout, LastErrorTimestamp: 03/11/2026 04:19:12, LastErrorDetails: Container did not start within expected time limit of 230s. Please inspect your container logs for more details., Details: Container azappeqxshezlak6lk successfully created and is running., DetailsLevel: INFO
2026-03-11T04:53:52.3154332Z State: Starting, Action: WaitingForSiteWarmUpProbeSuccess, LastError: ContainerTimeout, LastErrorTimestamp: 03/11/2026 04:19:12, LastErrorDetails: Container did not start within expected time limit of 230s. Please inspect your container logs for more details., Details: Pinging warmup path to ensure container is ready to receive requests., DetailsLevel: INFO
2026-03-11T04:54:11.5965395Z Container has finished running with exit code: 1.
2026-03-11T04:54:11.5968537Z Container is terminating. Grace period: 5 seconds.
2026-03-11T04:54:11.6055544Z Stop and delete container. Retry count = 0
2026-03-11T04:54:11.6063041Z Stopping container: 072559d408a3_azappeqxshezlak6lk.
2026-03-11T04:54:11.6978207Z Deleting container: 072559d408a3_azappeqxshezlak6lk. Retry count = 0
2026-03-11T04:54:11.9385986Z Container spec TerminationMessagePolicy  path 
2026-03-11T04:54:11.9479084Z Container is terminated. Total time elapsed: 350 ms.
2026-03-11T04:54:11.9487166Z Site container: azappeqxshezlak6lk terminated during site startup.
2026-03-11T04:54:11.9664016Z State: Stopping, Action: CancellingStartup, LastError: ContainerTimeout, LastErrorTimestamp: 03/11/2026 04:19:12, LastErrorDetails: Container did not start within expected time limit of 230s. Please inspect your container logs for more details., Details: Site container: azappeqxshezlak6lk terminated during site startup. Cancelling site startup., DetailsLevel: ERR
2026-03-11T04:54:11.9981176Z Site startup probe failed after 19.6134709 seconds.
2026-03-11T04:54:12.2270567Z State: Stopping, Action: CancellingStartup, LastError: ContainerTimeout, LastErrorTimestamp: 03/11/2026 04:54:12, LastErrorDetails: Container did not start within expected time limit of 230s. Please inspect your container logs for more details., Details: Site container: azappeqxshezlak6lk terminated during site startup. Cancelling site startup., DetailsLevel: ERR
2026-03-11T04:54:12.2468845Z Failed to start site. Revert by stopping site.
2026-03-11T04:54:12.2481131Z State: Stopping, Action: StoppingSite, LastError: ContainerTimeout, LastErrorTimestamp: 03/11/2026 04:54:12, LastErrorDetails: Container did not start within expected time limit of 230s. Please inspect your container logs for more details., Details: Site container: azappeqxshezlak6lk terminated during site startup. Cancelling site startup., DetailsLevel: ERR
2026-03-11T04:54:12.2489015Z State: Stopping, Action: StoppingSiteContainers, LastError: ContainerTimeout, LastErrorTimestamp: 03/11/2026 04:54:12, LastErrorDetails: Container did not start within expected time limit of 230s. Please inspect your container logs for more details., Details: Site container: azappeqxshezlak6lk terminated during site startup. Cancelling site startup., DetailsLevel: ERR
2026-03-11T04:54:12.2489147Z Site: azappeqxshezlak6lk stopped.
2026-03-11T04:54:12.2971491Z State: Stopping, Action: UnmountingVolumes, LastError: ContainerTimeout, LastErrorTimestamp: 03/11/2026 04:54:12, LastErrorDetails: Container did not start within expected time limit of 230s. Please inspect your container logs for more details., Details: Site container: azappeqxshezlak6lk terminated during site startup. Cancelling site startup., DetailsLevel: ERR
2026-03-11T04:54:13.0180529Z Site container: azappeqxshezlak6lk_managedIdentity terminated during site startup.
2026-03-11T04:54:13.0184272Z State: Stopping, Action: UnmountingVolumes, LastError: ContainerTimeout, LastErrorTimestamp: 03/11/2026 04:54:12, LastErrorDetails: Container did not start within expected time limit of 230s. Please inspect your container logs for more details., Details: Site container: azappeqxshezlak6lk terminated during site startup. Cancelling site startup., DetailsLevel: ERR
2026-03-11T04:54:13.1465189Z State: Stopping, Action: StoppingSiteNetworks, LastError: ContainerTimeout, LastErrorTimestamp: 03/11/2026 04:54:12, LastErrorDetails: Container did not start within expected time limit of 230s. Please inspect your container logs for more details., Details: Site container: azappeqxshezlak6lk terminated during site startup. Cancelling site startup., DetailsLevel: ERR
2026-03-11T04:54:13.4473240Z Site: azappeqxshezlak6lk will be blocked for 4 minutes till 03/11/2026 04:58:13
2026-03-11T04:54:13.4474777Z State: Blocked, Action: StoppingSiteNetworks, LastError: ContainerTimeout, LastErrorTimestamp: 03/11/2026 04:54:12, LastErrorDetails: Container did not start within expected time limit of 230s. Please inspect your container logs for more details., Details: Site: azappeqxshezlak6lk will be blocked for 4 minutes till 03/11/2026 04:58:13, DetailsLevel: WARN
2026-03-11T04:54:13.4584379Z State: Stopped, Action: None, LastError: ContainerTimeout, LastErrorTimestamp: 03/11/2026 04:54:12, LastErrorDetails: Container did not start within expected time limit of 230s. Please inspect your container logs for more details., Details: Site stopped at 03/11/2026 04:54:13 (UTC), DetailsLevel: WARN
2026-03-11T04:54:13.6078439Z State: Stopped, Action: None, LastError: ContainerTimeout, LastErrorTimestamp: 03/11/2026 04:54:12, LastErrorDetails: Container did not start within expected time limit of 230s. Please inspect your container logs for more details., Details: Site stopped at 03/11/2026 04:54:13 (UTC), DetailsLevel: WARN
2026-03-11T04:58:13.4674808Z Site: azappeqxshezlak6lk is unblocked.
2026-03-11T05:28:02.0076890Z State: Starting, Action: EstablishingSiteNetworks, LastError: ContainerTimeout, LastErrorTimestamp: 03/11/2026 04:54:12, LastErrorDetails: Container did not start within expected time limit of 230s. Please inspect your container logs for more details., Details: Site stopped at 03/11/2026 04:54:13 (UTC), DetailsLevel: WARN
2026-03-11T05:28:04.9352992Z State: Starting, Action: StartingMsiContainer, LastError: ContainerTimeout, LastErrorTimestamp: 03/11/2026 04:54:12, LastErrorDetails: Container did not start within expected time limit of 230s. Please inspect your container logs for more details., Details: Site stopped at 03/11/2026 04:54:13 (UTC), DetailsLevel: WARN
2026-03-11T05:28:12.5066855Z State: Starting, Action: StartingSiteContainers, LastError: ContainerTimeout, LastErrorTimestamp: 03/11/2026 04:54:12, LastErrorDetails: Container did not start within expected time limit of 230s. Please inspect your container logs for more details., Details: Site stopped at 03/11/2026 04:54:13 (UTC), DetailsLevel: WARN
2026-03-11T05:28:12.5154804Z Container start method called.
2026-03-11T05:28:12.5155651Z State: Starting, Action: PullingImage, LastError: ContainerTimeout, LastErrorTimestamp: 03/11/2026 04:54:12, LastErrorDetails: Container did not start within expected time limit of 230s. Please inspect your container logs for more details., Details: Pulling image mcr.microsoft.com/appsvc/node:20-lts_20260115.4.tuxprod for azappeqxshezlak6lk., DetailsLevel: INFO
2026-03-11T05:28:12.5156578Z Establishing network.
2026-03-11T05:28:12.5157363Z Pulling image: appsvc/node:20-lts_20260115.4.tuxprod.
2026-03-11T05:28:52.7474652Z Container is starting.
2026-03-11T05:28:52.7475539Z State: Starting, Action: MountingVolumes, LastError: ContainerTimeout, LastErrorTimestamp: 03/11/2026 04:54:12, LastErrorDetails: Container did not start within expected time limit of 230s. Please inspect your container logs for more details., Details: Mounting volumes for azappeqxshezlak6lk., DetailsLevel: INFO
2026-03-11T05:28:52.7476105Z Establishing user namespace if not established already.
2026-03-11T05:28:52.7476576Z Establishing network if not established already.
2026-03-11T05:28:52.7477161Z Mounting volumes.
2026-03-11T05:28:52.7490683Z Nested mountpoint site/wwwroot
2026-03-11T05:28:52.7896161Z Nested mountpoint volatile/logs
2026-03-11T05:28:52.7978662Z Nested mountpoint 
2026-03-11T05:28:52.8490931Z Nested mountpoint 
2026-03-11T05:28:52.8769877Z Nested mountpoint 
2026-03-11T05:28:52.8787318Z Nested mountpoint 
2026-03-11T05:28:53.4877468Z State: Starting, Action: CreatingContainer, LastError: ContainerTimeout, LastErrorTimestamp: 03/11/2026 04:54:12, LastErrorDetails: Container did not start within expected time limit of 230s. Please inspect your container logs for more details., Details: Finished pulling container image and mounting volumes for azappeqxshezlak6lk. Allocatinng the rest of the container resources to finish container creation., DetailsLevel: INFO
2026-03-11T05:28:53.4882920Z Creating container.
2026-03-11T05:28:53.4886258Z Creating pipes for streaming container io.
2026-03-11T05:28:53.4888999Z Creating stdout named pipe at /podr/container/pipe/a701e9283cd9_azappeqxshezlak6lk/stdout_80b78148477b45e7b768a867081881a7.
2026-03-11T05:28:53.4891633Z Successfully created stdout named pipe at: /podr/container/pipe/a701e9283cd9_azappeqxshezlak6lk/stdout_80b78148477b45e7b768a867081881a7.
2026-03-11T05:28:53.4895180Z Opening named pipe /podr/container/pipe/a701e9283cd9_azappeqxshezlak6lk/stdout_80b78148477b45e7b768a867081881a7 for reading in non-blocking mode.
2026-03-11T05:28:53.4898319Z Successfully opened named pipe: /podr/container/pipe/a701e9283cd9_azappeqxshezlak6lk/stdout_80b78148477b45e7b768a867081881a7.
2026-03-11T05:28:53.4900792Z Successfully removed non-blocking flag from /podr/container/pipe/a701e9283cd9_azappeqxshezlak6lk/stdout_80b78148477b45e7b768a867081881a7.
2026-03-11T05:28:53.4985054Z Creating stderr named pipe at /podr/container/pipe/a701e9283cd9_azappeqxshezlak6lk/stderr_58410caa30d544678584de3bb3dc0341.
2026-03-11T05:28:53.4986062Z Successfully created stderr named pipe at: /podr/container/pipe/a701e9283cd9_azappeqxshezlak6lk/stderr_58410caa30d544678584de3bb3dc0341.
2026-03-11T05:28:53.4986531Z Opening named pipe /podr/container/pipe/a701e9283cd9_azappeqxshezlak6lk/stderr_58410caa30d544678584de3bb3dc0341 for reading in non-blocking mode.
2026-03-11T05:28:53.4987163Z Successfully opened named pipe: /podr/container/pipe/a701e9283cd9_azappeqxshezlak6lk/stderr_58410caa30d544678584de3bb3dc0341.
2026-03-11T05:28:53.4987627Z Successfully removed non-blocking flag from /podr/container/pipe/a701e9283cd9_azappeqxshezlak6lk/stderr_58410caa30d544678584de3bb3dc0341.
2026-03-11T05:28:53.5087564Z Creating container with image: appsvc/node:20-lts_20260115.4.tuxprod from registry: mcr.microsoft.com and fully qualified image name: mcr.microsoft.com/appsvc/node:20-lts_20260115.4.tuxprod
2026-03-11T05:28:53.8789888Z Starting container: a701e9283cd9_azappeqxshezlak6lk.
2026-03-11T05:28:53.9416260Z Starting watchers and probes.
2026-03-11T05:28:53.9607443Z Starting metrics collection.
2026-03-11T05:28:53.9698607Z Container is running.
2026-03-11T05:28:53.9711876Z State: Starting, Action: CreatingContainer, LastError: ContainerTimeout, LastErrorTimestamp: 03/11/2026 04:54:12, LastErrorDetails: Container did not start within expected time limit of 230s. Please inspect your container logs for more details., Details: Container azappeqxshezlak6lk successfully created and is running., DetailsLevel: INFO
2026-03-11T05:28:54.1406668Z Container start method finished after 41623 ms.
2026-03-11T05:28:54.1885084Z State: Starting, Action: InitiatingSiteWarmUpProbe, LastError: ContainerTimeout, LastErrorTimestamp: 03/11/2026 04:54:12, LastErrorDetails: Container did not start within expected time limit of 230s. Please inspect your container logs for more details., Details: Container azappeqxshezlak6lk successfully created and is running., DetailsLevel: INFO
2026-03-11T05:28:54.1888962Z State: Starting, Action: WaitingForSiteWarmUpProbeSuccess, LastError: ContainerTimeout, LastErrorTimestamp: 03/11/2026 04:54:12, LastErrorDetails: Container did not start within expected time limit of 230s. Please inspect your container logs for more details., Details: Pinging warmup path to ensure container is ready to receive requests., DetailsLevel: INFO
2026-03-11T05:29:12.1637540Z Container has finished running with exit code: 1.
2026-03-11T05:29:12.1639981Z Container is terminating. Grace period: 5 seconds.
2026-03-11T05:29:12.1734026Z Stop and delete container. Retry count = 0
2026-03-11T05:29:12.1737826Z Stopping container: a701e9283cd9_azappeqxshezlak6lk.
2026-03-11T05:29:12.2054606Z Deleting container: a701e9283cd9_azappeqxshezlak6lk. Retry count = 0
2026-03-11T05:29:12.3957371Z Container spec TerminationMessagePolicy  path 
2026-03-11T05:29:12.4034396Z Container is terminated. Total time elapsed: 231 ms.
2026-03-11T05:29:12.4041241Z Site container: azappeqxshezlak6lk terminated during site startup.
2026-03-11T05:29:12.4048197Z State: Stopping, Action: CancellingStartup, LastError: ContainerTimeout, LastErrorTimestamp: 03/11/2026 04:54:12, LastErrorDetails: Container did not start within expected time limit of 230s. Please inspect your container logs for more details., Details: Site container: azappeqxshezlak6lk terminated during site startup. Cancelling site startup., DetailsLevel: ERR
2026-03-11T05:29:12.4454280Z Site startup probe failed after 18.2454381 seconds.
2026-03-11T05:29:12.7253180Z State: Stopping, Action: CancellingStartup, LastError: ContainerTimeout, LastErrorTimestamp: 03/11/2026 05:29:12, LastErrorDetails: Container did not start within expected time limit of 230s. Please inspect your container logs for more details., Details: Site container: azappeqxshezlak6lk terminated during site startup. Cancelling site startup., DetailsLevel: ERR
2026-03-11T05:29:12.7452173Z Failed to start site. Revert by stopping site.
2026-03-11T05:29:12.7542903Z State: Stopping, Action: StoppingSite, LastError: ContainerTimeout, LastErrorTimestamp: 03/11/2026 05:29:12, LastErrorDetails: Container did not start within expected time limit of 230s. Please inspect your container logs for more details., Details: Site container: azappeqxshezlak6lk terminated during site startup. Cancelling site startup., DetailsLevel: ERR
2026-03-11T05:29:12.7562593Z State: Stopping, Action: StoppingSiteContainers, LastError: ContainerTimeout, LastErrorTimestamp: 03/11/2026 05:29:12, LastErrorDetails: Container did not start within expected time limit of 230s. Please inspect your container logs for more details., Details: Site container: azappeqxshezlak6lk terminated during site startup. Cancelling site startup., DetailsLevel: ERR
2026-03-11T05:29:12.7642429Z Site: azappeqxshezlak6lk stopped.
