2026-03-10T20:32:19.8972815Z State: Starting, Action: EstablishingSiteNetworks, LastError: , LastErrorTimestamp: 01/01/0001 00:00:00, LastErrorDetails: , Details: , DetailsLevel: INFO
2026-03-10T20:32:22.3616128Z State: Starting, Action: StartingMsiContainer, LastError: , LastErrorTimestamp: 01/01/0001 00:00:00, LastErrorDetails: , Details: , DetailsLevel: INFO
2026-03-10T20:32:32.6878007Z State: Starting, Action: StartingSiteContainers, LastError: , LastErrorTimestamp: 01/01/0001 00:00:00, LastErrorDetails: , Details: , DetailsLevel: INFO
2026-03-10T20:32:32.6959971Z Container start method called.
2026-03-10T20:32:32.6970065Z State: Starting, Action: PullingImage, LastError: , LastErrorTimestamp: 01/01/0001 00:00:00, LastErrorDetails: , Details: Pulling image 10.1.0.7:13209/appsvc/node:20-lts_20260115.4.tuxprod for azappeqxshezlak6lk., DetailsLevel: INFO
2026-03-10T20:32:32.6979865Z Establishing network.
2026-03-10T20:32:32.7059784Z Pulling image: appsvc/node:20-lts_20260115.4.tuxprod.
2026-03-10T20:33:14.2157683Z Container is starting.
2026-03-10T20:33:14.2355407Z State: Starting, Action: MountingVolumes, LastError: , LastErrorTimestamp: 01/01/0001 00:00:00, LastErrorDetails: , Details: Mounting volumes for azappeqxshezlak6lk., DetailsLevel: INFO
2026-03-10T20:33:14.2359217Z Establishing user namespace if not established already.
2026-03-10T20:33:14.2366904Z Establishing network if not established already.
2026-03-10T20:33:14.2368325Z Mounting volumes.
2026-03-10T20:33:14.2551095Z Nested mountpoint site/wwwroot
2026-03-10T20:33:14.2848207Z Nested mountpoint volatile/logs
2026-03-10T20:33:14.2952485Z Nested mountpoint 
2026-03-10T20:33:14.3452601Z Nested mountpoint 
2026-03-10T20:33:14.3846662Z Nested mountpoint 
2026-03-10T20:33:14.3970695Z Nested mountpoint 
2026-03-10T20:33:14.6290735Z Skipping optional volume mount 'Package' at /home/site/wwwroot.
2026-03-10T20:33:14.7198857Z State: Starting, Action: CreatingContainer, LastError: , LastErrorTimestamp: 01/01/0001 00:00:00, LastErrorDetails: , Details: Finished pulling container image and mounting volumes for azappeqxshezlak6lk. Allocatinng the rest of the container resources to finish container creation., DetailsLevel: INFO
2026-03-10T20:33:14.7204514Z Creating container.
2026-03-10T20:33:14.7272368Z Creating pipes for streaming container io.
2026-03-10T20:33:14.7275573Z Creating stdout named pipe at /podr/container/pipe/7a10cab6f68f_azappeqxshezlak6lk/stdout_ceebda6b47474bd78134b6d78c22e6d7.
2026-03-10T20:33:14.7279962Z Successfully created stdout named pipe at: /podr/container/pipe/7a10cab6f68f_azappeqxshezlak6lk/stdout_ceebda6b47474bd78134b6d78c22e6d7.
2026-03-10T20:33:14.7285320Z Opening named pipe /podr/container/pipe/7a10cab6f68f_azappeqxshezlak6lk/stdout_ceebda6b47474bd78134b6d78c22e6d7 for reading in non-blocking mode.
2026-03-10T20:33:14.7286438Z Successfully opened named pipe: /podr/container/pipe/7a10cab6f68f_azappeqxshezlak6lk/stdout_ceebda6b47474bd78134b6d78c22e6d7.
2026-03-10T20:33:14.7290245Z Successfully removed non-blocking flag from /podr/container/pipe/7a10cab6f68f_azappeqxshezlak6lk/stdout_ceebda6b47474bd78134b6d78c22e6d7.
2026-03-10T20:33:14.7298908Z Creating stderr named pipe at /podr/container/pipe/7a10cab6f68f_azappeqxshezlak6lk/stderr_cf86a289c6cd4c5e8440f8f4e872f30a.
2026-03-10T20:33:14.7372812Z Successfully created stderr named pipe at: /podr/container/pipe/7a10cab6f68f_azappeqxshezlak6lk/stderr_cf86a289c6cd4c5e8440f8f4e872f30a.
2026-03-10T20:33:14.7373753Z Opening named pipe /podr/container/pipe/7a10cab6f68f_azappeqxshezlak6lk/stderr_cf86a289c6cd4c5e8440f8f4e872f30a for reading in non-blocking mode.
2026-03-10T20:33:14.7374589Z Successfully opened named pipe: /podr/container/pipe/7a10cab6f68f_azappeqxshezlak6lk/stderr_cf86a289c6cd4c5e8440f8f4e872f30a.
2026-03-10T20:33:14.7376317Z Successfully removed non-blocking flag from /podr/container/pipe/7a10cab6f68f_azappeqxshezlak6lk/stderr_cf86a289c6cd4c5e8440f8f4e872f30a.
2026-03-10T20:33:14.7382658Z Creating container with image: appsvc/node:20-lts_20260115.4.tuxprod from registry: mcr.microsoft.com and fully qualified image name: mcr.microsoft.com/appsvc/node:20-lts_20260115.4.tuxprod
2026-03-10T20:33:15.1882296Z Starting container: 7a10cab6f68f_azappeqxshezlak6lk.
2026-03-10T20:33:15.3025443Z Starting watchers and probes.
2026-03-10T20:33:15.3514811Z Starting metrics collection.
2026-03-10T20:33:15.3524012Z Container is running.
2026-03-10T20:33:15.3598895Z State: Starting, Action: CreatingContainer, LastError: , LastErrorTimestamp: 01/01/0001 00:00:00, LastErrorDetails: , Details: Container azappeqxshezlak6lk successfully created and is running., DetailsLevel: INFO
2026-03-10T20:33:15.4718000Z Container start method finished after 42774 ms.
2026-03-10T20:33:15.4721625Z State: Starting, Action: InitiatingSiteWarmUpProbe, LastError: , LastErrorTimestamp: 01/01/0001 00:00:00, LastErrorDetails: , Details: Container azappeqxshezlak6lk successfully created and is running., DetailsLevel: INFO
2026-03-10T20:33:15.4925424Z State: Starting, Action: WaitingForSiteWarmUpProbeSuccess, LastError: , LastErrorTimestamp: 01/01/0001 00:00:00, LastErrorDetails: , Details: Pinging warmup path to ensure container is ready to receive requests., DetailsLevel: INFO
2026-03-10T20:33:34.1440372Z Container has finished running with exit code: 1.
2026-03-10T20:33:34.1553219Z Container is terminating. Grace period: 5 seconds.
2026-03-10T20:33:34.1752320Z Stop and delete container. Retry count = 0
2026-03-10T20:33:34.1837749Z Stopping container: 7a10cab6f68f_azappeqxshezlak6lk.
2026-03-10T20:33:34.2751560Z Deleting container: 7a10cab6f68f_azappeqxshezlak6lk. Retry count = 0
2026-03-10T20:33:34.4553556Z Container spec TerminationMessagePolicy  path 
2026-03-10T20:33:34.4641653Z Container is terminated. Total time elapsed: 293 ms.
2026-03-10T20:33:34.4646951Z Site container: azappeqxshezlak6lk terminated during site startup.
2026-03-10T20:33:34.4663982Z State: Stopping, Action: CancellingStartup, LastError: , LastErrorTimestamp: 01/01/0001 00:00:00, LastErrorDetails: , Details: Site container: azappeqxshezlak6lk terminated during site startup. Cancelling site startup., DetailsLevel: ERR
2026-03-10T20:33:34.5160541Z Site startup probe failed after 18.9231192 seconds.
2026-03-10T20:33:34.6863894Z State: Stopping, Action: CancellingStartup, LastError: ContainerTimeout, LastErrorTimestamp: 03/10/2026 20:33:34, LastErrorDetails: Container did not start within expected time limit of 230s. Please inspect your container logs for more details., Details: Site container: azappeqxshezlak6lk terminated during site startup. Cancelling site startup., DetailsLevel: ERR
2026-03-10T20:33:34.6970582Z Failed to start site. Revert by stopping site.
2026-03-10T20:33:34.7355970Z State: Stopping, Action: StoppingSite, LastError: ContainerTimeout, LastErrorTimestamp: 03/10/2026 20:33:34, LastErrorDetails: Container did not start within expected time limit of 230s. Please inspect your container logs for more details., Details: Site container: azappeqxshezlak6lk terminated during site startup. Cancelling site startup., DetailsLevel: ERR
2026-03-10T20:33:34.7473644Z State: Stopping, Action: StoppingSiteContainers, LastError: ContainerTimeout, LastErrorTimestamp: 03/10/2026 20:33:34, LastErrorDetails: Container did not start within expected time limit of 230s. Please inspect your container logs for more details., Details: Site container: azappeqxshezlak6lk terminated during site startup. Cancelling site startup., DetailsLevel: ERR
2026-03-10T20:33:34.7551544Z Site: azappeqxshezlak6lk stopped.
2026-03-10T20:33:34.7762916Z State: Stopping, Action: UnmountingVolumes, LastError: ContainerTimeout, LastErrorTimestamp: 03/10/2026 20:33:34, LastErrorDetails: Container did not start within expected time limit of 230s. Please inspect your container logs for more details., Details: Site container: azappeqxshezlak6lk terminated during site startup. Cancelling site startup., DetailsLevel: ERR
2026-03-10T20:33:35.5305597Z Site container: azappeqxshezlak6lk_managedIdentity terminated during site startup.
2026-03-10T20:33:35.5311305Z State: Stopping, Action: UnmountingVolumes, LastError: ContainerTimeout, LastErrorTimestamp: 03/10/2026 20:33:34, LastErrorDetails: Container did not start within expected time limit of 230s. Please inspect your container logs for more details., Details: Site container: azappeqxshezlak6lk terminated during site startup. Cancelling site startup., DetailsLevel: ERR
2026-03-10T20:33:35.6200000Z State: Stopping, Action: StoppingSiteNetworks, LastError: ContainerTimeout, LastErrorTimestamp: 03/10/2026 20:33:34, LastErrorDetails: Container did not start within expected time limit of 230s. Please inspect your container logs for more details., Details: Site container: azappeqxshezlak6lk terminated during site startup. Cancelling site startup., DetailsLevel: ERR
2026-03-10T20:33:35.9010424Z State: Stopped, Action: None, LastError: ContainerTimeout, LastErrorTimestamp: 03/10/2026 20:33:34, LastErrorDetails: Container did not start within expected time limit of 230s. Please inspect your container logs for more details., Details: Site stopped at 03/10/2026 20:33:35 (UTC), DetailsLevel: ERR
2026-03-10T20:33:36.3098709Z State: Stopped, Action: None, LastError: ContainerTimeout, LastErrorTimestamp: 03/10/2026 20:33:34, LastErrorDetails: Container did not start within expected time limit of 230s. Please inspect your container logs for more details., Details: Site stopped at 03/10/2026 20:33:35 (UTC), DetailsLevel: ERR
2026-03-10T20:33:56.9018644Z State: Starting, Action: EstablishingSiteNetworks, LastError: ContainerTimeout, LastErrorTimestamp: 03/10/2026 20:33:34, LastErrorDetails: Container did not start within expected time limit of 230s. Please inspect your container logs for more details., Details: Site stopped at 03/10/2026 20:33:35 (UTC), DetailsLevel: ERR
2026-03-10T20:33:59.5121263Z State: Starting, Action: StartingMsiContainer, LastError: ContainerTimeout, LastErrorTimestamp: 03/10/2026 20:33:34, LastErrorDetails: Container did not start within expected time limit of 230s. Please inspect your container logs for more details., Details: Site stopped at 03/10/2026 20:33:35 (UTC), DetailsLevel: ERR
2026-03-10T20:34:13.8449427Z State: Starting, Action: StartingSiteContainers, LastError: ContainerTimeout, LastErrorTimestamp: 03/10/2026 20:33:34, LastErrorDetails: Container did not start within expected time limit of 230s. Please inspect your container logs for more details., Details: Site stopped at 03/10/2026 20:33:35 (UTC), DetailsLevel: ERR
2026-03-10T20:34:13.8454785Z Container start method called.
2026-03-10T20:34:13.8459648Z State: Starting, Action: PullingImage, LastError: ContainerTimeout, LastErrorTimestamp: 03/10/2026 20:33:34, LastErrorDetails: Container did not start within expected time limit of 230s. Please inspect your container logs for more details., Details: Pulling image mcr.microsoft.com/appsvc/node:20-lts_20260115.4.tuxprod for azappeqxshezlak6lk., DetailsLevel: INFO
2026-03-10T20:34:13.8460829Z Establishing network.
2026-03-10T20:34:13.8464030Z Pulling image: appsvc/node:20-lts_20260115.4.tuxprod.
2026-03-10T20:34:56.0810103Z Container is starting.
2026-03-10T20:34:56.0837317Z State: Starting, Action: MountingVolumes, LastError: ContainerTimeout, LastErrorTimestamp: 03/10/2026 20:33:34, LastErrorDetails: Container did not start within expected time limit of 230s. Please inspect your container logs for more details., Details: Mounting volumes for azappeqxshezlak6lk., DetailsLevel: INFO
2026-03-10T20:34:56.0842395Z Establishing user namespace if not established already.
2026-03-10T20:34:56.0846966Z Establishing network if not established already.
2026-03-10T20:34:56.0849842Z Mounting volumes.
2026-03-10T20:34:56.0855860Z Nested mountpoint site/wwwroot
2026-03-10T20:34:56.1231150Z Nested mountpoint volatile/logs
2026-03-10T20:34:56.1633564Z Nested mountpoint 
2026-03-10T20:34:56.1643892Z Nested mountpoint 
2026-03-10T20:34:56.2142001Z Nested mountpoint 
2026-03-10T20:34:56.2150672Z Nested mountpoint 
2026-03-10T20:34:56.9990767Z State: Starting, Action: CreatingContainer, LastError: ContainerTimeout, LastErrorTimestamp: 03/10/2026 20:33:34, LastErrorDetails: Container did not start within expected time limit of 230s. Please inspect your container logs for more details., Details: Finished pulling container image and mounting volumes for azappeqxshezlak6lk. Allocatinng the rest of the container resources to finish container creation., DetailsLevel: INFO
2026-03-10T20:34:57.0061795Z Creating container.
2026-03-10T20:34:57.0066026Z Creating pipes for streaming container io.
2026-03-10T20:34:57.0067761Z Creating stdout named pipe at /podr/container/pipe/fdd22307e284_azappeqxshezlak6lk/stdout_04c4652889fe406287e53504ca742223.
2026-03-10T20:34:57.0072486Z Successfully created stdout named pipe at: /podr/container/pipe/fdd22307e284_azappeqxshezlak6lk/stdout_04c4652889fe406287e53504ca742223.
2026-03-10T20:34:57.0073256Z Opening named pipe /podr/container/pipe/fdd22307e284_azappeqxshezlak6lk/stdout_04c4652889fe406287e53504ca742223 for reading in non-blocking mode.
2026-03-10T20:34:57.0076433Z Successfully opened named pipe: /podr/container/pipe/fdd22307e284_azappeqxshezlak6lk/stdout_04c4652889fe406287e53504ca742223.
2026-03-10T20:34:57.0078139Z Successfully removed non-blocking flag from /podr/container/pipe/fdd22307e284_azappeqxshezlak6lk/stdout_04c4652889fe406287e53504ca742223.
2026-03-10T20:34:57.0082407Z Creating stderr named pipe at /podr/container/pipe/fdd22307e284_azappeqxshezlak6lk/stderr_a7b6aaa3aeb54817aecac7eab07e3320.
2026-03-10T20:34:57.0088341Z Successfully created stderr named pipe at: /podr/container/pipe/fdd22307e284_azappeqxshezlak6lk/stderr_a7b6aaa3aeb54817aecac7eab07e3320.
2026-03-10T20:34:57.0161333Z Opening named pipe /podr/container/pipe/fdd22307e284_azappeqxshezlak6lk/stderr_a7b6aaa3aeb54817aecac7eab07e3320 for reading in non-blocking mode.
2026-03-10T20:34:57.0169577Z Successfully opened named pipe: /podr/container/pipe/fdd22307e284_azappeqxshezlak6lk/stderr_a7b6aaa3aeb54817aecac7eab07e3320.
2026-03-10T20:34:57.0171045Z Successfully removed non-blocking flag from /podr/container/pipe/fdd22307e284_azappeqxshezlak6lk/stderr_a7b6aaa3aeb54817aecac7eab07e3320.
2026-03-10T20:34:57.0186508Z Creating container with image: appsvc/node:20-lts_20260115.4.tuxprod from registry: mcr.microsoft.com and fully qualified image name: mcr.microsoft.com/appsvc/node:20-lts_20260115.4.tuxprod
2026-03-10T20:34:57.4256656Z Starting container: fdd22307e284_azappeqxshezlak6lk.
2026-03-10T20:34:57.4811045Z Starting watchers and probes.
2026-03-10T20:34:57.4816828Z Starting metrics collection.
2026-03-10T20:34:57.4817724Z Container is running.
2026-03-10T20:34:57.4821156Z State: Starting, Action: CreatingContainer, LastError: ContainerTimeout, LastErrorTimestamp: 03/10/2026 20:33:34, LastErrorDetails: Container did not start within expected time limit of 230s. Please inspect your container logs for more details., Details: Container azappeqxshezlak6lk successfully created and is running., DetailsLevel: INFO
2026-03-10T20:34:57.6123169Z Container start method finished after 43766 ms.
2026-03-10T20:34:57.6125088Z State: Starting, Action: InitiatingSiteWarmUpProbe, LastError: ContainerTimeout, LastErrorTimestamp: 03/10/2026 20:33:34, LastErrorDetails: Container did not start within expected time limit of 230s. Please inspect your container logs for more details., Details: Container azappeqxshezlak6lk successfully created and is running., DetailsLevel: INFO
2026-03-10T20:34:57.6125485Z State: Starting, Action: WaitingForSiteWarmUpProbeSuccess, LastError: ContainerTimeout, LastErrorTimestamp: 03/10/2026 20:33:34, LastErrorDetails: Container did not start within expected time limit of 230s. Please inspect your container logs for more details., Details: Pinging warmup path to ensure container is ready to receive requests., DetailsLevel: INFO
2026-03-10T20:35:17.2070987Z Container has finished running with exit code: 1.
2026-03-10T20:35:17.2147577Z Container is terminating. Grace period: 5 seconds.
2026-03-10T20:35:17.2157590Z Stop and delete container. Retry count = 0
2026-03-10T20:35:17.2165067Z Stopping container: fdd22307e284_azappeqxshezlak6lk.
2026-03-10T20:35:17.2663429Z Deleting container: fdd22307e284_azappeqxshezlak6lk. Retry count = 0
2026-03-10T20:35:17.4247960Z Container spec TerminationMessagePolicy  path 
2026-03-10T20:35:17.4255875Z Container is terminated. Total time elapsed: 210 ms.
2026-03-10T20:35:17.4261943Z Site container: azappeqxshezlak6lk terminated during site startup.
2026-03-10T20:35:17.4270027Z State: Stopping, Action: CancellingStartup, LastError: ContainerTimeout, LastErrorTimestamp: 03/10/2026 20:33:34, LastErrorDetails: Container did not start within expected time limit of 230s. Please inspect your container logs for more details., Details: Site container: azappeqxshezlak6lk terminated during site startup. Cancelling site startup., DetailsLevel: ERR
2026-03-10T20:35:17.4444435Z Site startup probe failed after 19.7723012 seconds.
2026-03-10T20:35:17.5445490Z State: Stopping, Action: CancellingStartup, LastError: ContainerTimeout, LastErrorTimestamp: 03/10/2026 20:35:17, LastErrorDetails: Container did not start within expected time limit of 230s. Please inspect your container logs for more details., Details: Site container: azappeqxshezlak6lk terminated during site startup. Cancelling site startup., DetailsLevel: ERR
2026-03-10T20:35:17.5462455Z Failed to start site. Revert by stopping site.
2026-03-10T20:35:17.5647617Z State: Stopping, Action: StoppingSite, LastError: ContainerTimeout, LastErrorTimestamp: 03/10/2026 20:35:17, LastErrorDetails: Container did not start within expected time limit of 230s. Please inspect your container logs for more details., Details: Site container: azappeqxshezlak6lk terminated during site startup. Cancelling site startup., DetailsLevel: ERR
2026-03-10T20:35:17.5651891Z State: Stopping, Action: StoppingSiteContainers, LastError: ContainerTimeout, LastErrorTimestamp: 03/10/2026 20:35:17, LastErrorDetails: Container did not start within expected time limit of 230s. Please inspect your container logs for more details., Details: Site container: azappeqxshezlak6lk terminated during site startup. Cancelling site startup., DetailsLevel: ERR
2026-03-10T20:35:17.5652060Z Site: azappeqxshezlak6lk stopped.
2026-03-10T20:35:17.5864349Z State: Stopping, Action: UnmountingVolumes, LastError: ContainerTimeout, LastErrorTimestamp: 03/10/2026 20:35:17, LastErrorDetails: Container did not start within expected time limit of 230s. Please inspect your container logs for more details., Details: Site container: azappeqxshezlak6lk terminated during site startup. Cancelling site startup., DetailsLevel: ERR
2026-03-10T20:35:18.2724851Z Site container: azappeqxshezlak6lk_managedIdentity terminated during site startup.
2026-03-10T20:35:18.2729429Z State: Stopping, Action: UnmountingVolumes, LastError: ContainerTimeout, LastErrorTimestamp: 03/10/2026 20:35:17, LastErrorDetails: Container did not start within expected time limit of 230s. Please inspect your container logs for more details., Details: Site container: azappeqxshezlak6lk terminated during site startup. Cancelling site startup., DetailsLevel: ERR
2026-03-10T20:35:18.3105912Z State: Stopping, Action: StoppingSiteNetworks, LastError: ContainerTimeout, LastErrorTimestamp: 03/10/2026 20:35:17, LastErrorDetails: Container did not start within expected time limit of 230s. Please inspect your container logs for more details., Details: Site container: azappeqxshezlak6lk terminated during site startup. Cancelling site startup., DetailsLevel: ERR
2026-03-10T20:35:18.6719086Z Site: azappeqxshezlak6lk will be blocked for 1 minutes till 03/10/2026 20:36:18
2026-03-10T20:35:18.6793936Z State: Blocked, Action: StoppingSiteNetworks, LastError: ContainerTimeout, LastErrorTimestamp: 03/10/2026 20:35:17, LastErrorDetails: Container did not start within expected time limit of 230s. Please inspect your container logs for more details., Details: Site: azappeqxshezlak6lk will be blocked for 1 minutes till 03/10/2026 20:36:18, DetailsLevel: WARN
2026-03-10T20:35:18.7015961Z State: Stopped, Action: None, LastError: ContainerTimeout, LastErrorTimestamp: 03/10/2026 20:35:17, LastErrorDetails: Container did not start within expected time limit of 230s. Please inspect your container logs for more details., Details: Site stopped at 03/10/2026 20:35:18 (UTC), DetailsLevel: WARN
2026-03-10T20:35:18.8204423Z State: Stopped, Action: None, LastError: ContainerTimeout, LastErrorTimestamp: 03/10/2026 20:35:17, LastErrorDetails: Container did not start within expected time limit of 230s. Please inspect your container logs for more details., Details: Site stopped at 03/10/2026 20:35:18 (UTC), DetailsLevel: WARN
2026-03-10T20:35:23.9706092Z State: Blocked, Action: None, LastError: ContainerTimeout, LastErrorTimestamp: 03/10/2026 20:35:17, LastErrorDetails: Container did not start within expected time limit of 230s. Please inspect your container logs for more details., Details: Site is blocked due to multiple, consecutive cold start failures. Site scheduled to be unblocked at 03/10/2026 20:36:18, DetailsLevel: WARN
2026-03-10T20:35:23.9800379Z Start site prohibitted because the site is being blocked.
2026-03-10T20:35:29.5263109Z State: Blocked, Action: None, LastError: ContainerTimeout, LastErrorTimestamp: 03/10/2026 20:35:17, LastErrorDetails: Container did not start within expected time limit of 230s. Please inspect your container logs for more details., Details: Site is blocked due to multiple, consecutive cold start failures. Site scheduled to be unblocked at 03/10/2026 20:36:18, DetailsLevel: WARN
2026-03-10T20:35:29.5263302Z Start site prohibitted because the site is being blocked.
2026-03-10T20:35:34.6486672Z State: Blocked, Action: None, LastError: ContainerTimeout, LastErrorTimestamp: 03/10/2026 20:35:17, LastErrorDetails: Container did not start within expected time limit of 230s. Please inspect your container logs for more details., Details: Site is blocked due to multiple, consecutive cold start failures. Site scheduled to be unblocked at 03/10/2026 20:36:18, DetailsLevel: WARN
2026-03-10T20:35:34.6494626Z Start site prohibitted because the site is being blocked.
2026-03-10T20:35:39.7853982Z State: Blocked, Action: None, LastError: ContainerTimeout, LastErrorTimestamp: 03/10/2026 20:35:17, LastErrorDetails: Container did not start within expected time limit of 230s. Please inspect your container logs for more details., Details: Site is blocked due to multiple, consecutive cold start failures. Site scheduled to be unblocked at 03/10/2026 20:36:18, DetailsLevel: WARN
2026-03-10T20:35:39.7854351Z Start site prohibitted because the site is being blocked.
2026-03-10T20:35:44.8596511Z State: Blocked, Action: None, LastError: ContainerTimeout, LastErrorTimestamp: 03/10/2026 20:35:17, LastErrorDetails: Container did not start within expected time limit of 230s. Please inspect your container logs for more details., Details: Site is blocked due to multiple, consecutive cold start failures. Site scheduled to be unblocked at 03/10/2026 20:36:18, DetailsLevel: WARN
2026-03-10T20:35:44.8596708Z Start site prohibitted because the site is being blocked.
2026-03-10T20:35:49.9503745Z State: Blocked, Action: None, LastError: ContainerTimeout, LastErrorTimestamp: 03/10/2026 20:35:17, LastErrorDetails: Container did not start within expected time limit of 230s. Please inspect your container logs for more details., Details: Site is blocked due to multiple, consecutive cold start failures. Site scheduled to be unblocked at 03/10/2026 20:36:18, DetailsLevel: WARN
2026-03-10T20:35:49.9503936Z Start site prohibitted because the site is being blocked.
2026-03-10T20:35:55.2908818Z State: Blocked, Action: None, LastError: ContainerTimeout, LastErrorTimestamp: 03/10/2026 20:35:17, LastErrorDetails: Container did not start within expected time limit of 230s. Please inspect your container logs for more details., Details: Site is blocked due to multiple, consecutive cold start failures. Site scheduled to be unblocked at 03/10/2026 20:36:18, DetailsLevel: WARN
2026-03-10T20:35:55.2909021Z Start site prohibitted because the site is being blocked.
2026-03-10T20:36:00.4001974Z State: Blocked, Action: None, LastError: ContainerTimeout, LastErrorTimestamp: 03/10/2026 20:35:17, LastErrorDetails: Container did not start within expected time limit of 230s. Please inspect your container logs for more details., Details: Site is blocked due to multiple, consecutive cold start failures. Site scheduled to be unblocked at 03/10/2026 20:36:18, DetailsLevel: WARN
2026-03-10T20:36:00.4003933Z Start site prohibitted because the site is being blocked.
2026-03-10T20:36:05.5332470Z State: Blocked, Action: None, LastError: ContainerTimeout, LastErrorTimestamp: 03/10/2026 20:35:17, LastErrorDetails: Container did not start within expected time limit of 230s. Please inspect your container logs for more details., Details: Site is blocked due to multiple, consecutive cold start failures. Site scheduled to be unblocked at 03/10/2026 20:36:18, DetailsLevel: WARN
2026-03-10T20:36:05.5334026Z Start site prohibitted because the site is being blocked.
2026-03-10T20:36:10.6497310Z State: Blocked, Action: None, LastError: ContainerTimeout, LastErrorTimestamp: 03/10/2026 20:35:17, LastErrorDetails: Container did not start within expected time limit of 230s. Please inspect your container logs for more details., Details: Site is blocked due to multiple, consecutive cold start failures. Site scheduled to be unblocked at 03/10/2026 20:36:18, DetailsLevel: WARN
2026-03-10T20:36:10.6497474Z Start site prohibitted because the site is being blocked.
2026-03-10T20:36:15.7696468Z State: Blocked, Action: None, LastError: ContainerTimeout, LastErrorTimestamp: 03/10/2026 20:35:17, LastErrorDetails: Container did not start within expected time limit of 230s. Please inspect your container logs for more details., Details: Site is blocked due to multiple, consecutive cold start failures. Site scheduled to be unblocked at 03/10/2026 20:36:18, DetailsLevel: WARN
2026-03-10T20:36:15.7696659Z Start site prohibitted because the site is being blocked.
2026-03-10T20:36:18.6715131Z Site: azappeqxshezlak6lk is unblocked.
2026-03-10T20:36:20.9001109Z State: Starting, Action: EstablishingSiteNetworks, LastError: ContainerTimeout, LastErrorTimestamp: 03/10/2026 20:35:17, LastErrorDetails: Container did not start within expected time limit of 230s. Please inspect your container logs for more details., Details: Site is blocked due to multiple, consecutive cold start failures. Site scheduled to be unblocked at 03/10/2026 20:36:18, DetailsLevel: WARN
2026-03-10T20:36:23.5752310Z State: Starting, Action: StartingMsiContainer, LastError: ContainerTimeout, LastErrorTimestamp: 03/10/2026 20:35:17, LastErrorDetails: Container did not start within expected time limit of 230s. Please inspect your container logs for more details., Details: Site is blocked due to multiple, consecutive cold start failures. Site scheduled to be unblocked at 03/10/2026 20:36:18, DetailsLevel: WARN
2026-03-10T20:36:30.6846432Z State: Starting, Action: StartingSiteContainers, LastError: ContainerTimeout, LastErrorTimestamp: 03/10/2026 20:35:17, LastErrorDetails: Container did not start within expected time limit of 230s. Please inspect your container logs for more details., Details: Site is blocked due to multiple, consecutive cold start failures. Site scheduled to be unblocked at 03/10/2026 20:36:18, DetailsLevel: WARN
2026-03-10T20:36:30.6849870Z Container start method called.
2026-03-10T20:36:30.6853927Z State: Starting, Action: PullingImage, LastError: ContainerTimeout, LastErrorTimestamp: 03/10/2026 20:35:17, LastErrorDetails: Container did not start within expected time limit of 230s. Please inspect your container logs for more details., Details: Pulling image mcr.microsoft.com/appsvc/node:20-lts_20260115.4.tuxprod for azappeqxshezlak6lk., DetailsLevel: INFO
2026-03-10T20:36:30.6855832Z Establishing network.
2026-03-10T20:36:30.6943203Z Pulling image: appsvc/node:20-lts_20260115.4.tuxprod.
2026-03-10T20:37:13.2930929Z Container is starting.
2026-03-10T20:37:13.3011478Z State: Starting, Action: MountingVolumes, LastError: ContainerTimeout, LastErrorTimestamp: 03/10/2026 20:35:17, LastErrorDetails: Container did not start within expected time limit of 230s. Please inspect your container logs for more details., Details: Mounting volumes for azappeqxshezlak6lk., DetailsLevel: INFO
2026-03-10T20:37:13.3013146Z Establishing user namespace if not established already.
2026-03-10T20:37:13.3014087Z Establishing network if not established already.
2026-03-10T20:37:13.3014983Z Mounting volumes.
2026-03-10T20:37:13.3018201Z Nested mountpoint site/wwwroot
2026-03-10T20:37:13.3238053Z Nested mountpoint volatile/logs
2026-03-10T20:37:13.4011716Z Nested mountpoint 
2026-03-10T20:37:13.4016354Z Nested mountpoint 
2026-03-10T20:37:13.5037017Z Nested mountpoint 
2026-03-10T20:37:13.5235403Z Nested mountpoint 
2026-03-10T20:37:15.3563945Z State: Starting, Action: CreatingContainer, LastError: ContainerTimeout, LastErrorTimestamp: 03/10/2026 20:35:17, LastErrorDetails: Container did not start within expected time limit of 230s. Please inspect your container logs for more details., Details: Finished pulling container image and mounting volumes for azappeqxshezlak6lk. Allocatinng the rest of the container resources to finish container creation., DetailsLevel: INFO
2026-03-10T20:37:15.3564991Z Creating container.
2026-03-10T20:37:15.3565957Z Creating pipes for streaming container io.
2026-03-10T20:37:15.3566802Z Creating stdout named pipe at /podr/container/pipe/8d8574da18cc_azappeqxshezlak6lk/stdout_06188024a10049138f863439d9aa6ddd.
2026-03-10T20:37:15.3944313Z Successfully created stdout named pipe at: /podr/container/pipe/8d8574da18cc_azappeqxshezlak6lk/stdout_06188024a10049138f863439d9aa6ddd.
2026-03-10T20:37:15.3973000Z Opening named pipe /podr/container/pipe/8d8574da18cc_azappeqxshezlak6lk/stdout_06188024a10049138f863439d9aa6ddd for reading in non-blocking mode.
2026-03-10T20:37:15.3979127Z Successfully opened named pipe: /podr/container/pipe/8d8574da18cc_azappeqxshezlak6lk/stdout_06188024a10049138f863439d9aa6ddd.
2026-03-10T20:37:15.3984621Z Successfully removed non-blocking flag from /podr/container/pipe/8d8574da18cc_azappeqxshezlak6lk/stdout_06188024a10049138f863439d9aa6ddd.
2026-03-10T20:37:15.4077266Z Creating stderr named pipe at /podr/container/pipe/8d8574da18cc_azappeqxshezlak6lk/stderr_6dfbd9d4b6664d12ae103fcc48c57532.
2026-03-10T20:37:15.4083559Z Successfully created stderr named pipe at: /podr/container/pipe/8d8574da18cc_azappeqxshezlak6lk/stderr_6dfbd9d4b6664d12ae103fcc48c57532.
2026-03-10T20:37:15.4088191Z Opening named pipe /podr/container/pipe/8d8574da18cc_azappeqxshezlak6lk/stderr_6dfbd9d4b6664d12ae103fcc48c57532 for reading in non-blocking mode.
2026-03-10T20:37:15.4094138Z Successfully opened named pipe: /podr/container/pipe/8d8574da18cc_azappeqxshezlak6lk/stderr_6dfbd9d4b6664d12ae103fcc48c57532.
2026-03-10T20:37:15.4097777Z Successfully removed non-blocking flag from /podr/container/pipe/8d8574da18cc_azappeqxshezlak6lk/stderr_6dfbd9d4b6664d12ae103fcc48c57532.
2026-03-10T20:37:15.4195247Z Creating container with image: appsvc/node:20-lts_20260115.4.tuxprod from registry: mcr.microsoft.com and fully qualified image name: mcr.microsoft.com/appsvc/node:20-lts_20260115.4.tuxprod
2026-03-10T20:37:16.6979994Z Starting container: 8d8574da18cc_azappeqxshezlak6lk.
2026-03-10T20:37:16.8773649Z Starting watchers and probes.
2026-03-10T20:37:16.8776260Z Starting metrics collection.
2026-03-10T20:37:16.8777301Z Container is running.
2026-03-10T20:37:16.8777890Z State: Starting, Action: CreatingContainer, LastError: ContainerTimeout, LastErrorTimestamp: 03/10/2026 20:35:17, LastErrorDetails: Container did not start within expected time limit of 230s. Please inspect your container logs for more details., Details: Container azappeqxshezlak6lk successfully created and is running., DetailsLevel: INFO
2026-03-10T20:37:17.2793339Z Container start method finished after 46594 ms.
2026-03-10T20:37:17.2801512Z State: Starting, Action: InitiatingSiteWarmUpProbe, LastError: ContainerTimeout, LastErrorTimestamp: 03/10/2026 20:35:17, LastErrorDetails: Container did not start within expected time limit of 230s. Please inspect your container logs for more details., Details: Container azappeqxshezlak6lk successfully created and is running., DetailsLevel: INFO
2026-03-10T20:37:17.3085784Z State: Starting, Action: WaitingForSiteWarmUpProbeSuccess, LastError: ContainerTimeout, LastErrorTimestamp: 03/10/2026 20:35:17, LastErrorDetails: Container did not start within expected time limit of 230s. Please inspect your container logs for more details., Details: Pinging warmup path to ensure container is ready to receive requests., DetailsLevel: INFO
2026-03-10T20:37:36.2518604Z Container has finished running with exit code: 1.
2026-03-10T20:37:36.2528942Z Container is terminating. Grace period: 5 seconds.
2026-03-10T20:37:36.2611750Z Stop and delete container. Retry count = 0
2026-03-10T20:37:36.2616987Z Stopping container: 8d8574da18cc_azappeqxshezlak6lk.
2026-03-10T20:37:36.3024386Z Deleting container: 8d8574da18cc_azappeqxshezlak6lk. Retry count = 0
2026-03-10T20:37:36.5305404Z Container spec TerminationMessagePolicy  path 
2026-03-10T20:37:36.5313517Z Container is terminated. Total time elapsed: 270 ms.
2026-03-10T20:37:36.5318867Z Site container: azappeqxshezlak6lk terminated during site startup.
2026-03-10T20:37:36.5324452Z State: Stopping, Action: CancellingStartup, LastError: ContainerTimeout, LastErrorTimestamp: 03/10/2026 20:35:17, LastErrorDetails: Container did not start within expected time limit of 230s. Please inspect your container logs for more details., Details: Site container: azappeqxshezlak6lk terminated during site startup. Cancelling site startup., DetailsLevel: ERR
2026-03-10T20:37:36.5614310Z Site startup probe failed after 19.2521983 seconds.
2026-03-10T20:37:36.6806934Z State: Stopping, Action: CancellingStartup, LastError: ContainerTimeout, LastErrorTimestamp: 03/10/2026 20:37:36, LastErrorDetails: Container did not start within expected time limit of 230s. Please inspect your container logs for more details., Details: Site container: azappeqxshezlak6lk terminated during site startup. Cancelling site startup., DetailsLevel: ERR
2026-03-10T20:37:36.6826864Z Failed to start site. Revert by stopping site.
2026-03-10T20:37:36.6921347Z State: Stopping, Action: StoppingSite, LastError: ContainerTimeout, LastErrorTimestamp: 03/10/2026 20:37:36, LastErrorDetails: Container did not start within expected time limit of 230s. Please inspect your container logs for more details., Details: Site container: azappeqxshezlak6lk terminated during site startup. Cancelling site startup., DetailsLevel: ERR
2026-03-10T20:37:36.7007572Z State: Stopping, Action: StoppingSiteContainers, LastError: ContainerTimeout, LastErrorTimestamp: 03/10/2026 20:37:36, LastErrorDetails: Container did not start within expected time limit of 230s. Please inspect your container logs for more details., Details: Site container: azappeqxshezlak6lk terminated during site startup. Cancelling site startup., DetailsLevel: ERR
2026-03-10T20:37:36.7014674Z Site: azappeqxshezlak6lk stopped.
2026-03-10T20:37:36.7030871Z State: Stopping, Action: UnmountingVolumes, LastError: ContainerTimeout, LastErrorTimestamp: 03/10/2026 20:37:36, LastErrorDetails: Container did not start within expected time limit of 230s. Please inspect your container logs for more details., Details: Site container: azappeqxshezlak6lk terminated during site startup. Cancelling site startup., DetailsLevel: ERR
2026-03-10T20:37:37.6948014Z Site container: azappeqxshezlak6lk_managedIdentity terminated during site startup.
2026-03-10T20:37:37.6951295Z State: Stopping, Action: UnmountingVolumes, LastError: ContainerTimeout, LastErrorTimestamp: 03/10/2026 20:37:36, LastErrorDetails: Container did not start within expected time limit of 230s. Please inspect your container logs for more details., Details: Site container: azappeqxshezlak6lk terminated during site startup. Cancelling site startup., DetailsLevel: ERR
2026-03-10T20:37:37.7633607Z State: Stopping, Action: StoppingSiteNetworks, LastError: ContainerTimeout, LastErrorTimestamp: 03/10/2026 20:37:36, LastErrorDetails: Container did not start within expected time limit of 230s. Please inspect your container logs for more details., Details: Site container: azappeqxshezlak6lk terminated during site startup. Cancelling site startup., DetailsLevel: ERR
2026-03-10T20:37:38.0052498Z Site: azappeqxshezlak6lk will be blocked for 1 minutes till 03/10/2026 20:38:38
2026-03-10T20:37:38.0053965Z State: Blocked, Action: StoppingSiteNetworks, LastError: ContainerTimeout, LastErrorTimestamp: 03/10/2026 20:37:36, LastErrorDetails: Container did not start within expected time limit of 230s. Please inspect your container logs for more details., Details: Site: azappeqxshezlak6lk will be blocked for 1 minutes till 03/10/2026 20:38:38, DetailsLevel: WARN
2026-03-10T20:37:38.0058101Z State: Stopped, Action: None, LastError: ContainerTimeout, LastErrorTimestamp: 03/10/2026 20:37:36, LastErrorDetails: Container did not start within expected time limit of 230s. Please inspect your container logs for more details., Details: Site stopped at 03/10/2026 20:37:38 (UTC), DetailsLevel: WARN
2026-03-10T20:37:38.1646041Z State: Stopped, Action: None, LastError: ContainerTimeout, LastErrorTimestamp: 03/10/2026 20:37:36, LastErrorDetails: Container did not start within expected time limit of 230s. Please inspect your container logs for more details., Details: Site stopped at 03/10/2026 20:37:38 (UTC), DetailsLevel: WARN
2026-03-10T20:37:43.2942697Z State: Blocked, Action: None, LastError: ContainerTimeout, LastErrorTimestamp: 03/10/2026 20:37:36, LastErrorDetails: Container did not start within expected time limit of 230s. Please inspect your container logs for more details., Details: Site is blocked due to multiple, consecutive cold start failures. Site scheduled to be unblocked at 03/10/2026 20:38:38, DetailsLevel: WARN
2026-03-10T20:37:43.2943134Z Start site prohibitted because the site is being blocked.
2026-03-10T20:37:48.4263974Z State: Blocked, Action: None, LastError: ContainerTimeout, LastErrorTimestamp: 03/10/2026 20:37:36, LastErrorDetails: Container did not start within expected time limit of 230s. Please inspect your container logs for more details., Details: Site is blocked due to multiple, consecutive cold start failures. Site scheduled to be unblocked at 03/10/2026 20:38:38, DetailsLevel: WARN
2026-03-10T20:37:48.4264146Z Start site prohibitted because the site is being blocked.
2026-03-10T20:37:53.5185203Z State: Blocked, Action: None, LastError: ContainerTimeout, LastErrorTimestamp: 03/10/2026 20:37:36, LastErrorDetails: Container did not start within expected time limit of 230s. Please inspect your container logs for more details., Details: Site is blocked due to multiple, consecutive cold start failures. Site scheduled to be unblocked at 03/10/2026 20:38:38, DetailsLevel: WARN
2026-03-10T20:37:53.5185561Z Start site prohibitted because the site is being blocked.
2026-03-10T20:37:58.6966039Z State: Blocked, Action: None, LastError: ContainerTimeout, LastErrorTimestamp: 03/10/2026 20:37:36, LastErrorDetails: Container did not start within expected time limit of 230s. Please inspect your container logs for more details., Details: Site is blocked due to multiple, consecutive cold start failures. Site scheduled to be unblocked at 03/10/2026 20:38:38, DetailsLevel: WARN
2026-03-10T20:37:58.6966251Z Start site prohibitted because the site is being blocked.
2026-03-10T20:38:03.7435824Z State: Blocked, Action: None, LastError: ContainerTimeout, LastErrorTimestamp: 03/10/2026 20:37:36, LastErrorDetails: Container did not start within expected time limit of 230s. Please inspect your container logs for more details., Details: Site is blocked due to multiple, consecutive cold start failures. Site scheduled to be unblocked at 03/10/2026 20:38:38, DetailsLevel: WARN
2026-03-10T20:38:03.7436308Z Start site prohibitted because the site is being blocked.
2026-03-10T20:38:08.8847793Z State: Blocked, Action: None, LastError: ContainerTimeout, LastErrorTimestamp: 03/10/2026 20:37:36, LastErrorDetails: Container did not start within expected time limit of 230s. Please inspect your container logs for more details., Details: Site is blocked due to multiple, consecutive cold start failures. Site scheduled to be unblocked at 03/10/2026 20:38:38, DetailsLevel: WARN
2026-03-10T20:38:08.8848634Z Start site prohibitted because the site is being blocked.
2026-03-10T20:38:13.9624536Z State: Blocked, Action: None, LastError: ContainerTimeout, LastErrorTimestamp: 03/10/2026 20:37:36, LastErrorDetails: Container did not start within expected time limit of 230s. Please inspect your container logs for more details., Details: Site is blocked due to multiple, consecutive cold start failures. Site scheduled to be unblocked at 03/10/2026 20:38:38, DetailsLevel: WARN
2026-03-10T20:38:13.9624725Z Start site prohibitted because the site is being blocked.
2026-03-10T20:38:19.0876080Z State: Blocked, Action: None, LastError: ContainerTimeout, LastErrorTimestamp: 03/10/2026 20:37:36, LastErrorDetails: Container did not start within expected time limit of 230s. Please inspect your container logs for more details., Details: Site is blocked due to multiple, consecutive cold start failures. Site scheduled to be unblocked at 03/10/2026 20:38:38, DetailsLevel: WARN
2026-03-10T20:38:19.0876269Z Start site prohibitted because the site is being blocked.
2026-03-10T20:38:24.1530631Z State: Blocked, Action: None, LastError: ContainerTimeout, LastErrorTimestamp: 03/10/2026 20:37:36, LastErrorDetails: Container did not start within expected time limit of 230s. Please inspect your container logs for more details., Details: Site is blocked due to multiple, consecutive cold start failures. Site scheduled to be unblocked at 03/10/2026 20:38:38, DetailsLevel: WARN
2026-03-10T20:38:24.1531669Z Start site prohibitted because the site is being blocked.
2026-03-10T20:38:29.3033666Z State: Blocked, Action: None, LastError: ContainerTimeout, LastErrorTimestamp: 03/10/2026 20:37:36, LastErrorDetails: Container did not start within expected time limit of 230s. Please inspect your container logs for more details., Details: Site is blocked due to multiple, consecutive cold start failures. Site scheduled to be unblocked at 03/10/2026 20:38:38, DetailsLevel: WARN
2026-03-10T20:38:29.3034012Z Start site prohibitted because the site is being blocked.
2026-03-10T20:38:34.4362629Z State: Blocked, Action: None, LastError: ContainerTimeout, LastErrorTimestamp: 03/10/2026 20:37:36, LastErrorDetails: Container did not start within expected time limit of 230s. Please inspect your container logs for more details., Details: Site is blocked due to multiple, consecutive cold start failures. Site scheduled to be unblocked at 03/10/2026 20:38:38, DetailsLevel: WARN
2026-03-10T20:38:34.4363908Z Start site prohibitted because the site is being blocked.
2026-03-10T20:38:38.0036544Z Site: azappeqxshezlak6lk is unblocked.
2026-03-10T20:38:39.5452334Z State: Starting, Action: EstablishingSiteNetworks, LastError: ContainerTimeout, LastErrorTimestamp: 03/10/2026 20:37:36, LastErrorDetails: Container did not start within expected time limit of 230s. Please inspect your container logs for more details., Details: Site is blocked due to multiple, consecutive cold start failures. Site scheduled to be unblocked at 03/10/2026 20:38:38, DetailsLevel: WARN
2026-03-10T20:38:41.0642683Z State: Starting, Action: StartingMsiContainer, LastError: ContainerTimeout, LastErrorTimestamp: 03/10/2026 20:37:36, LastErrorDetails: Container did not start within expected time limit of 230s. Please inspect your container logs for more details., Details: Site is blocked due to multiple, consecutive cold start failures. Site scheduled to be unblocked at 03/10/2026 20:38:38, DetailsLevel: WARN
2026-03-10T20:38:48.7309003Z State: Starting, Action: StartingSiteContainers, LastError: ContainerTimeout, LastErrorTimestamp: 03/10/2026 20:37:36, LastErrorDetails: Container did not start within expected time limit of 230s. Please inspect your container logs for more details., Details: Site is blocked due to multiple, consecutive cold start failures. Site scheduled to be unblocked at 03/10/2026 20:38:38, DetailsLevel: WARN
2026-03-10T20:38:48.7309822Z Container start method called.
2026-03-10T20:38:48.7310170Z State: Starting, Action: PullingImage, LastError: ContainerTimeout, LastErrorTimestamp: 03/10/2026 20:37:36, LastErrorDetails: Container did not start within expected time limit of 230s. Please inspect your container logs for more details., Details: Pulling image mcr.microsoft.com/appsvc/node:20-lts_20260115.4.tuxprod for azappeqxshezlak6lk., DetailsLevel: INFO
2026-03-10T20:38:48.7310646Z Establishing network.
2026-03-10T20:38:48.7311395Z Pulling image: appsvc/node:20-lts_20260115.4.tuxprod.
2026-03-10T20:39:26.3398380Z Container is starting.
2026-03-10T20:39:26.3479963Z State: Starting, Action: MountingVolumes, LastError: ContainerTimeout, LastErrorTimestamp: 03/10/2026 20:37:36, LastErrorDetails: Container did not start within expected time limit of 230s. Please inspect your container logs for more details., Details: Mounting volumes for azappeqxshezlak6lk., DetailsLevel: INFO
2026-03-10T20:39:26.3483646Z Establishing user namespace if not established already.
2026-03-10T20:39:26.3484624Z Establishing network if not established already.
2026-03-10T20:39:26.3485366Z Mounting volumes.
2026-03-10T20:39:26.3486988Z Nested mountpoint site/wwwroot
2026-03-10T20:39:26.3783187Z Nested mountpoint volatile/logs
2026-03-10T20:39:26.4098956Z Nested mountpoint 
2026-03-10T20:39:26.4183172Z Nested mountpoint 
2026-03-10T20:39:26.5186740Z Nested mountpoint 
2026-03-10T20:39:26.5190970Z Nested mountpoint 
2026-03-10T20:39:26.9795581Z State: Starting, Action: CreatingContainer, LastError: ContainerTimeout, LastErrorTimestamp: 03/10/2026 20:37:36, LastErrorDetails: Container did not start within expected time limit of 230s. Please inspect your container logs for more details., Details: Finished pulling container image and mounting volumes for azappeqxshezlak6lk. Allocatinng the rest of the container resources to finish container creation., DetailsLevel: INFO
2026-03-10T20:39:26.9806810Z Creating container.
2026-03-10T20:39:26.9888421Z Creating pipes for streaming container io.
2026-03-10T20:39:26.9895217Z Creating stdout named pipe at /podr/container/pipe/1f807c500063_azappeqxshezlak6lk/stdout_7f2ca7cdebec442ba000c3402aa07370.
2026-03-10T20:39:26.9905349Z Successfully created stdout named pipe at: /podr/container/pipe/1f807c500063_azappeqxshezlak6lk/stdout_7f2ca7cdebec442ba000c3402aa07370.
2026-03-10T20:39:26.9984553Z Opening named pipe /podr/container/pipe/1f807c500063_azappeqxshezlak6lk/stdout_7f2ca7cdebec442ba000c3402aa07370 for reading in non-blocking mode.
2026-03-10T20:39:26.9990191Z Successfully opened named pipe: /podr/container/pipe/1f807c500063_azappeqxshezlak6lk/stdout_7f2ca7cdebec442ba000c3402aa07370.
2026-03-10T20:39:26.9991319Z Successfully removed non-blocking flag from /podr/container/pipe/1f807c500063_azappeqxshezlak6lk/stdout_7f2ca7cdebec442ba000c3402aa07370.
2026-03-10T20:39:27.0000260Z Creating stderr named pipe at /podr/container/pipe/1f807c500063_azappeqxshezlak6lk/stderr_5f0dbe4c30764743b5f40b00473dce3c.
2026-03-10T20:39:27.0082660Z Successfully created stderr named pipe at: /podr/container/pipe/1f807c500063_azappeqxshezlak6lk/stderr_5f0dbe4c30764743b5f40b00473dce3c.
2026-03-10T20:39:27.0089037Z Opening named pipe /podr/container/pipe/1f807c500063_azappeqxshezlak6lk/stderr_5f0dbe4c30764743b5f40b00473dce3c for reading in non-blocking mode.
2026-03-10T20:39:27.0093000Z Successfully opened named pipe: /podr/container/pipe/1f807c500063_azappeqxshezlak6lk/stderr_5f0dbe4c30764743b5f40b00473dce3c.
2026-03-10T20:39:27.0096753Z Successfully removed non-blocking flag from /podr/container/pipe/1f807c500063_azappeqxshezlak6lk/stderr_5f0dbe4c30764743b5f40b00473dce3c.
2026-03-10T20:39:27.0105002Z Creating container with image: appsvc/node:20-lts_20260115.4.tuxprod from registry: mcr.microsoft.com and fully qualified image name: mcr.microsoft.com/appsvc/node:20-lts_20260115.4.tuxprod
2026-03-10T20:39:27.4234217Z Starting container: 1f807c500063_azappeqxshezlak6lk.
2026-03-10T20:39:27.4601294Z Starting watchers and probes.
2026-03-10T20:39:27.4603699Z Starting metrics collection.
2026-03-10T20:39:27.4604494Z Container is running.
2026-03-10T20:39:27.4605051Z State: Starting, Action: CreatingContainer, LastError: ContainerTimeout, LastErrorTimestamp: 03/10/2026 20:37:36, LastErrorDetails: Container did not start within expected time limit of 230s. Please inspect your container logs for more details., Details: Container azappeqxshezlak6lk successfully created and is running., DetailsLevel: INFO
2026-03-10T20:39:27.6095179Z Container start method finished after 38878 ms.
2026-03-10T20:39:27.6282176Z State: Starting, Action: InitiatingSiteWarmUpProbe, LastError: ContainerTimeout, LastErrorTimestamp: 03/10/2026 20:37:36, LastErrorDetails: Container did not start within expected time limit of 230s. Please inspect your container logs for more details., Details: Container azappeqxshezlak6lk successfully created and is running., DetailsLevel: INFO
2026-03-10T20:39:27.6287600Z State: Starting, Action: WaitingForSiteWarmUpProbeSuccess, LastError: ContainerTimeout, LastErrorTimestamp: 03/10/2026 20:37:36, LastErrorDetails: Container did not start within expected time limit of 230s. Please inspect your container logs for more details., Details: Pinging warmup path to ensure container is ready to receive requests., DetailsLevel: INFO
2026-03-10T20:39:47.9827912Z Container has finished running with exit code: 1.
2026-03-10T20:39:47.9832481Z Container is terminating. Grace period: 5 seconds.
2026-03-10T20:39:47.9847999Z Stop and delete container. Retry count = 0
2026-03-10T20:39:47.9852184Z Stopping container: 1f807c500063_azappeqxshezlak6lk.
2026-03-10T20:39:48.2591060Z Deleting container: 1f807c500063_azappeqxshezlak6lk. Retry count = 0
2026-03-10T20:39:48.7667449Z Container spec TerminationMessagePolicy  path 
2026-03-10T20:39:48.7873066Z Container is terminated. Total time elapsed: 802 ms.
2026-03-10T20:39:48.7886765Z Site container: azappeqxshezlak6lk terminated during site startup.
2026-03-10T20:39:48.7891119Z State: Stopping, Action: CancellingStartup, LastError: ContainerTimeout, LastErrorTimestamp: 03/10/2026 20:37:36, LastErrorDetails: Container did not start within expected time limit of 230s. Please inspect your container logs for more details., Details: Site container: azappeqxshezlak6lk terminated during site startup. Cancelling site startup., DetailsLevel: ERR
2026-03-10T20:39:48.8487478Z Site startup probe failed after 21.2178693 seconds.
2026-03-10T20:39:48.9672784Z State: Stopping, Action: CancellingStartup, LastError: ContainerTimeout, LastErrorTimestamp: 03/10/2026 20:39:48, LastErrorDetails: Container did not start within expected time limit of 230s. Please inspect your container logs for more details., Details: Site container: azappeqxshezlak6lk terminated during site startup. Cancelling site startup., DetailsLevel: ERR
2026-03-10T20:39:48.9694651Z Failed to start site. Revert by stopping site.
2026-03-10T20:39:48.9695594Z State: Stopping, Action: StoppingSite, LastError: ContainerTimeout, LastErrorTimestamp: 03/10/2026 20:39:48, LastErrorDetails: Container did not start within expected time limit of 230s. Please inspect your container logs for more details., Details: Site container: azappeqxshezlak6lk terminated during site startup. Cancelling site startup., DetailsLevel: ERR
2026-03-10T20:39:48.9696877Z State: Stopping, Action: StoppingSiteContainers, LastError: ContainerTimeout, LastErrorTimestamp: 03/10/2026 20:39:48, LastErrorDetails: Container did not start within expected time limit of 230s. Please inspect your container logs for more details., Details: Site container: azappeqxshezlak6lk terminated during site startup. Cancelling site startup., DetailsLevel: ERR
2026-03-10T20:39:48.9696995Z Site: azappeqxshezlak6lk stopped.
2026-03-10T20:39:48.9871117Z State: Stopping, Action: UnmountingVolumes, LastError: ContainerTimeout, LastErrorTimestamp: 03/10/2026 20:39:48, LastErrorDetails: Container did not start within expected time limit of 230s. Please inspect your container logs for more details., Details: Site container: azappeqxshezlak6lk terminated during site startup. Cancelling site startup., DetailsLevel: ERR
2026-03-10T20:39:49.7121438Z Site container: azappeqxshezlak6lk_managedIdentity terminated during site startup.
2026-03-10T20:39:49.7395893Z State: Stopping, Action: UnmountingVolumes, LastError: ContainerTimeout, LastErrorTimestamp: 03/10/2026 20:39:48, LastErrorDetails: Container did not start within expected time limit of 230s. Please inspect your container logs for more details., Details: Site container: azappeqxshezlak6lk terminated during site startup. Cancelling site startup., DetailsLevel: ERR
2026-03-10T20:39:49.8120827Z State: Stopping, Action: StoppingSiteNetworks, LastError: ContainerTimeout, LastErrorTimestamp: 03/10/2026 20:39:48, LastErrorDetails: Container did not start within expected time limit of 230s. Please inspect your container logs for more details., Details: Site container: azappeqxshezlak6lk terminated during site startup. Cancelling site startup., DetailsLevel: ERR
2026-03-10T20:39:50.0415371Z Site: azappeqxshezlak6lk will be blocked for 2 minutes till 03/10/2026 20:41:50
2026-03-10T20:39:50.0491013Z State: Blocked, Action: StoppingSiteNetworks, LastError: ContainerTimeout, LastErrorTimestamp: 03/10/2026 20:39:48, LastErrorDetails: Container did not start within expected time limit of 230s. Please inspect your container logs for more details., Details: Site: azappeqxshezlak6lk will be blocked for 2 minutes till 03/10/2026 20:41:50, DetailsLevel: WARN
2026-03-10T20:39:50.0512120Z State: Stopped, Action: None, LastError: ContainerTimeout, LastErrorTimestamp: 03/10/2026 20:39:48, LastErrorDetails: Container did not start within expected time limit of 230s. Please inspect your container logs for more details., Details: Site stopped at 03/10/2026 20:39:50 (UTC), DetailsLevel: WARN
2026-03-10T20:39:50.1909641Z State: Stopped, Action: None, LastError: ContainerTimeout, LastErrorTimestamp: 03/10/2026 20:39:48, LastErrorDetails: Container did not start within expected time limit of 230s. Please inspect your container logs for more details., Details: Site stopped at 03/10/2026 20:39:50 (UTC), DetailsLevel: WARN
2026-03-10T20:39:55.2703462Z State: Blocked, Action: None, LastError: ContainerTimeout, LastErrorTimestamp: 03/10/2026 20:39:48, LastErrorDetails: Container did not start within expected time limit of 230s. Please inspect your container logs for more details., Details: Site is blocked due to multiple, consecutive cold start failures. Site scheduled to be unblocked at 03/10/2026 20:41:50, DetailsLevel: WARN
2026-03-10T20:39:55.2707398Z Start site prohibitted because the site is being blocked.
2026-03-10T20:40:00.4098351Z State: Blocked, Action: None, LastError: ContainerTimeout, LastErrorTimestamp: 03/10/2026 20:39:48, LastErrorDetails: Container did not start within expected time limit of 230s. Please inspect your container logs for more details., Details: Site is blocked due to multiple, consecutive cold start failures. Site scheduled to be unblocked at 03/10/2026 20:41:50, DetailsLevel: WARN
2026-03-10T20:40:00.4098716Z Start site prohibitted because the site is being blocked.
2026-03-10T20:40:05.5497351Z State: Blocked, Action: None, LastError: ContainerTimeout, LastErrorTimestamp: 03/10/2026 20:39:48, LastErrorDetails: Container did not start within expected time limit of 230s. Please inspect your container logs for more details., Details: Site is blocked due to multiple, consecutive cold start failures. Site scheduled to be unblocked at 03/10/2026 20:41:50, DetailsLevel: WARN
2026-03-10T20:40:05.5497544Z Start site prohibitted because the site is being blocked.
2026-03-10T20:40:10.7401637Z State: Blocked, Action: None, LastError: ContainerTimeout, LastErrorTimestamp: 03/10/2026 20:39:48, LastErrorDetails: Container did not start within expected time limit of 230s. Please inspect your container logs for more details., Details: Site is blocked due to multiple, consecutive cold start failures. Site scheduled to be unblocked at 03/10/2026 20:41:50, DetailsLevel: WARN
2026-03-10T20:40:10.7402256Z Start site prohibitted because the site is being blocked.
2026-03-10T20:40:15.8598169Z State: Blocked, Action: None, LastError: ContainerTimeout, LastErrorTimestamp: 03/10/2026 20:39:48, LastErrorDetails: Container did not start within expected time limit of 230s. Please inspect your container logs for more details., Details: Site is blocked due to multiple, consecutive cold start failures. Site scheduled to be unblocked at 03/10/2026 20:41:50, DetailsLevel: WARN
2026-03-10T20:40:15.8599583Z Start site prohibitted because the site is being blocked.
2026-03-10T20:40:21.0046151Z State: Blocked, Action: None, LastError: ContainerTimeout, LastErrorTimestamp: 03/10/2026 20:39:48, LastErrorDetails: Container did not start within expected time limit of 230s. Please inspect your container logs for more details., Details: Site is blocked due to multiple, consecutive cold start failures. Site scheduled to be unblocked at 03/10/2026 20:41:50, DetailsLevel: WARN
2026-03-10T20:40:21.0047099Z Start site prohibitted because the site is being blocked.
2026-03-10T20:40:26.1418826Z State: Blocked, Action: None, LastError: ContainerTimeout, LastErrorTimestamp: 03/10/2026 20:39:48, LastErrorDetails: Container did not start within expected time limit of 230s. Please inspect your container logs for more details., Details: Site is blocked due to multiple, consecutive cold start failures. Site scheduled to be unblocked at 03/10/2026 20:41:50, DetailsLevel: WARN
2026-03-10T20:40:26.1420036Z Start site prohibitted because the site is being blocked.
2026-03-10T20:40:31.2490241Z State: Blocked, Action: None, LastError: ContainerTimeout, LastErrorTimestamp: 03/10/2026 20:39:48, LastErrorDetails: Container did not start within expected time limit of 230s. Please inspect your container logs for more details., Details: Site is blocked due to multiple, consecutive cold start failures. Site scheduled to be unblocked at 03/10/2026 20:41:50, DetailsLevel: WARN
2026-03-10T20:40:31.2490635Z Start site prohibitted because the site is being blocked.
2026-03-10T20:40:36.3734776Z State: Blocked, Action: None, LastError: ContainerTimeout, LastErrorTimestamp: 03/10/2026 20:39:48, LastErrorDetails: Container did not start within expected time limit of 230s. Please inspect your container logs for more details., Details: Site is blocked due to multiple, consecutive cold start failures. Site scheduled to be unblocked at 03/10/2026 20:41:50, DetailsLevel: WARN
2026-03-10T20:40:36.3929645Z Start site prohibitted because the site is being blocked.
2026-03-10T20:40:41.5879762Z State: Blocked, Action: None, LastError: ContainerTimeout, LastErrorTimestamp: 03/10/2026 20:39:48, LastErrorDetails: Container did not start within expected time limit of 230s. Please inspect your container logs for more details., Details: Site is blocked due to multiple, consecutive cold start failures. Site scheduled to be unblocked at 03/10/2026 20:41:50, DetailsLevel: WARN
2026-03-10T20:40:41.5879967Z Start site prohibitted because the site is being blocked.
2026-03-10T20:40:46.6796454Z State: Blocked, Action: None, LastError: ContainerTimeout, LastErrorTimestamp: 03/10/2026 20:39:48, LastErrorDetails: Container did not start within expected time limit of 230s. Please inspect your container logs for more details., Details: Site is blocked due to multiple, consecutive cold start failures. Site scheduled to be unblocked at 03/10/2026 20:41:50, DetailsLevel: WARN
2026-03-10T20:40:46.6796892Z Start site prohibitted because the site is being blocked.
2026-03-10T20:40:51.7599048Z State: Blocked, Action: None, LastError: ContainerTimeout, LastErrorTimestamp: 03/10/2026 20:39:48, LastErrorDetails: Container did not start within expected time limit of 230s. Please inspect your container logs for more details., Details: Site is blocked due to multiple, consecutive cold start failures. Site scheduled to be unblocked at 03/10/2026 20:41:50, DetailsLevel: WARN
2026-03-10T20:40:51.7599455Z Start site prohibitted because the site is being blocked.
2026-03-10T20:40:56.8407532Z State: Blocked, Action: None, LastError: ContainerTimeout, LastErrorTimestamp: 03/10/2026 20:39:48, LastErrorDetails: Container did not start within expected time limit of 230s. Please inspect your container logs for more details., Details: Site is blocked due to multiple, consecutive cold start failures. Site scheduled to be unblocked at 03/10/2026 20:41:50, DetailsLevel: WARN
2026-03-10T20:40:56.8407994Z Start site prohibitted because the site is being blocked.
2026-03-10T20:41:02.1817741Z State: Blocked, Action: None, LastError: ContainerTimeout, LastErrorTimestamp: 03/10/2026 20:39:48, LastErrorDetails: Container did not start within expected time limit of 230s. Please inspect your container logs for more details., Details: Site is blocked due to multiple, consecutive cold start failures. Site scheduled to be unblocked at 03/10/2026 20:41:50, DetailsLevel: WARN
2026-03-10T20:41:02.1818103Z Start site prohibitted because the site is being blocked.
2026-03-10T20:41:07.4300248Z State: Blocked, Action: None, LastError: ContainerTimeout, LastErrorTimestamp: 03/10/2026 20:39:48, LastErrorDetails: Container did not start within expected time limit of 230s. Please inspect your container logs for more details., Details: Site is blocked due to multiple, consecutive cold start failures. Site scheduled to be unblocked at 03/10/2026 20:41:50, DetailsLevel: WARN
2026-03-10T20:41:07.4300661Z Start site prohibitted because the site is being blocked.
2026-03-10T20:41:12.6245838Z State: Blocked, Action: None, LastError: ContainerTimeout, LastErrorTimestamp: 03/10/2026 20:39:48, LastErrorDetails: Container did not start within expected time limit of 230s. Please inspect your container logs for more details., Details: Site is blocked due to multiple, consecutive cold start failures. Site scheduled to be unblocked at 03/10/2026 20:41:50, DetailsLevel: WARN
2026-03-10T20:41:12.6246331Z Start site prohibitted because the site is being blocked.
2026-03-10T20:41:17.8724079Z State: Blocked, Action: None, LastError: ContainerTimeout, LastErrorTimestamp: 03/10/2026 20:39:48, LastErrorDetails: Container did not start within expected time limit of 230s. Please inspect your container logs for more details., Details: Site is blocked due to multiple, consecutive cold start failures. Site scheduled to be unblocked at 03/10/2026 20:41:50, DetailsLevel: WARN
2026-03-10T20:41:17.8727799Z Start site prohibitted because the site is being blocked.
2026-03-10T20:41:22.9360850Z State: Blocked, Action: None, LastError: ContainerTimeout, LastErrorTimestamp: 03/10/2026 20:39:48, LastErrorDetails: Container did not start within expected time limit of 230s. Please inspect your container logs for more details., Details: Site is blocked due to multiple, consecutive cold start failures. Site scheduled to be unblocked at 03/10/2026 20:41:50, DetailsLevel: WARN
2026-03-10T20:41:22.9458181Z Start site prohibitted because the site is being blocked.
2026-03-10T20:41:28.0290039Z State: Blocked, Action: None, LastError: ContainerTimeout, LastErrorTimestamp: 03/10/2026 20:39:48, LastErrorDetails: Container did not start within expected time limit of 230s. Please inspect your container logs for more details., Details: Site is blocked due to multiple, consecutive cold start failures. Site scheduled to be unblocked at 03/10/2026 20:41:50, DetailsLevel: WARN
2026-03-10T20:41:28.0488400Z Start site prohibitted because the site is being blocked.
2026-03-10T20:41:33.1482966Z State: Blocked, Action: None, LastError: ContainerTimeout, LastErrorTimestamp: 03/10/2026 20:39:48, LastErrorDetails: Container did not start within expected time limit of 230s. Please inspect your container logs for more details., Details: Site is blocked due to multiple, consecutive cold start failures. Site scheduled to be unblocked at 03/10/2026 20:41:50, DetailsLevel: WARN
2026-03-10T20:41:33.1483492Z Start site prohibitted because the site is being blocked.
2026-03-10T20:41:38.3512311Z State: Blocked, Action: None, LastError: ContainerTimeout, LastErrorTimestamp: 03/10/2026 20:39:48, LastErrorDetails: Container did not start within expected time limit of 230s. Please inspect your container logs for more details., Details: Site is blocked due to multiple, consecutive cold start failures. Site scheduled to be unblocked at 03/10/2026 20:41:50, DetailsLevel: WARN
2026-03-10T20:41:38.3512532Z Start site prohibitted because the site is being blocked.
2026-03-10T20:41:43.5021780Z State: Blocked, Action: None, LastError: ContainerTimeout, LastErrorTimestamp: 03/10/2026 20:39:48, LastErrorDetails: Container did not start within expected time limit of 230s. Please inspect your container logs for more details., Details: Site is blocked due to multiple, consecutive cold start failures. Site scheduled to be unblocked at 03/10/2026 20:41:50, DetailsLevel: WARN
2026-03-10T20:41:43.5022138Z Start site prohibitted because the site is being blocked.
2026-03-10T20:41:48.5915250Z State: Blocked, Action: None, LastError: ContainerTimeout, LastErrorTimestamp: 03/10/2026 20:39:48, LastErrorDetails: Container did not start within expected time limit of 230s. Please inspect your container logs for more details., Details: Site is blocked due to multiple, consecutive cold start failures. Site scheduled to be unblocked at 03/10/2026 20:41:50, DetailsLevel: WARN
2026-03-10T20:41:48.5915593Z Start site prohibitted because the site is being blocked.
2026-03-10T20:41:50.0812615Z Site: azappeqxshezlak6lk is unblocked.
2026-03-10T20:41:53.6819764Z State: Starting, Action: EstablishingSiteNetworks, LastError: ContainerTimeout, LastErrorTimestamp: 03/10/2026 20:39:48, LastErrorDetails: Container did not start within expected time limit of 230s. Please inspect your container logs for more details., Details: Site is blocked due to multiple, consecutive cold start failures. Site scheduled to be unblocked at 03/10/2026 20:41:50, DetailsLevel: WARN
2026-03-10T20:41:55.3335067Z State: Starting, Action: StartingMsiContainer, LastError: ContainerTimeout, LastErrorTimestamp: 03/10/2026 20:39:48, LastErrorDetails: Container did not start within expected time limit of 230s. Please inspect your container logs for more details., Details: Site is blocked due to multiple, consecutive cold start failures. Site scheduled to be unblocked at 03/10/2026 20:41:50, DetailsLevel: WARN
2026-03-10T20:42:05.2766505Z State: Starting, Action: StartingSiteContainers, LastError: ContainerTimeout, LastErrorTimestamp: 03/10/2026 20:39:48, LastErrorDetails: Container did not start within expected time limit of 230s. Please inspect your container logs for more details., Details: Site is blocked due to multiple, consecutive cold start failures. Site scheduled to be unblocked at 03/10/2026 20:41:50, DetailsLevel: WARN
2026-03-10T20:42:05.2773111Z Container start method called.
2026-03-10T20:42:05.2955231Z State: Starting, Action: PullingImage, LastError: ContainerTimeout, LastErrorTimestamp: 03/10/2026 20:39:48, LastErrorDetails: Container did not start within expected time limit of 230s. Please inspect your container logs for more details., Details: Pulling image mcr.microsoft.com/appsvc/node:20-lts_20260115.4.tuxprod for azappeqxshezlak6lk., DetailsLevel: INFO
2026-03-10T20:42:05.2956879Z Establishing network.
2026-03-10T20:42:05.2957641Z Pulling image: appsvc/node:20-lts_20260115.4.tuxprod.
2026-03-10T20:42:53.6460646Z Container is starting.
2026-03-10T20:42:53.6506662Z State: Starting, Action: MountingVolumes, LastError: ContainerTimeout, LastErrorTimestamp: 03/10/2026 20:39:48, LastErrorDetails: Container did not start within expected time limit of 230s. Please inspect your container logs for more details., Details: Mounting volumes for azappeqxshezlak6lk., DetailsLevel: INFO
2026-03-10T20:42:53.6508416Z Establishing user namespace if not established already.
2026-03-10T20:42:53.6512112Z Establishing network if not established already.
2026-03-10T20:42:53.6556985Z Mounting volumes.
2026-03-10T20:42:53.6564869Z Nested mountpoint site/wwwroot
2026-03-10T20:42:53.6755756Z Nested mountpoint volatile/logs
2026-03-10T20:42:53.6862160Z Nested mountpoint 
2026-03-10T20:42:53.7353761Z Nested mountpoint 
2026-03-10T20:42:53.7681933Z Nested mountpoint 
2026-03-10T20:42:53.7879369Z Nested mountpoint 
2026-03-10T20:42:54.6286254Z State: Starting, Action: CreatingContainer, LastError: ContainerTimeout, LastErrorTimestamp: 03/10/2026 20:39:48, LastErrorDetails: Container did not start within expected time limit of 230s. Please inspect your container logs for more details., Details: Finished pulling container image and mounting volumes for azappeqxshezlak6lk. Allocatinng the rest of the container resources to finish container creation., DetailsLevel: INFO
2026-03-10T20:42:54.6360420Z Creating container.
2026-03-10T20:42:54.6363123Z Creating pipes for streaming container io.
2026-03-10T20:42:54.6365827Z Creating stdout named pipe at /podr/container/pipe/43d816a0af1c_azappeqxshezlak6lk/stdout_12d42231d08b4bd097ceae50a75b79a2.
2026-03-10T20:42:54.6369079Z Successfully created stdout named pipe at: /podr/container/pipe/43d816a0af1c_azappeqxshezlak6lk/stdout_12d42231d08b4bd097ceae50a75b79a2.
2026-03-10T20:42:54.6371542Z Opening named pipe /podr/container/pipe/43d816a0af1c_azappeqxshezlak6lk/stdout_12d42231d08b4bd097ceae50a75b79a2 for reading in non-blocking mode.
2026-03-10T20:42:54.6374109Z Successfully opened named pipe: /podr/container/pipe/43d816a0af1c_azappeqxshezlak6lk/stdout_12d42231d08b4bd097ceae50a75b79a2.
2026-03-10T20:42:54.6380069Z Successfully removed non-blocking flag from /podr/container/pipe/43d816a0af1c_azappeqxshezlak6lk/stdout_12d42231d08b4bd097ceae50a75b79a2.
2026-03-10T20:42:54.6511738Z Creating stderr named pipe at /podr/container/pipe/43d816a0af1c_azappeqxshezlak6lk/stderr_40f5216e65e44ba4b9e015893ebbbaa7.
2026-03-10T20:42:54.6517128Z Successfully created stderr named pipe at: /podr/container/pipe/43d816a0af1c_azappeqxshezlak6lk/stderr_40f5216e65e44ba4b9e015893ebbbaa7.
2026-03-10T20:42:54.6560743Z Opening named pipe /podr/container/pipe/43d816a0af1c_azappeqxshezlak6lk/stderr_40f5216e65e44ba4b9e015893ebbbaa7 for reading in non-blocking mode.
2026-03-10T20:42:54.6563781Z Successfully opened named pipe: /podr/container/pipe/43d816a0af1c_azappeqxshezlak6lk/stderr_40f5216e65e44ba4b9e015893ebbbaa7.
2026-03-10T20:42:54.6566022Z Successfully removed non-blocking flag from /podr/container/pipe/43d816a0af1c_azappeqxshezlak6lk/stderr_40f5216e65e44ba4b9e015893ebbbaa7.
2026-03-10T20:42:54.6568837Z Creating container with image: appsvc/node:20-lts_20260115.4.tuxprod from registry: mcr.microsoft.com and fully qualified image name: mcr.microsoft.com/appsvc/node:20-lts_20260115.4.tuxprod
2026-03-10T20:42:55.1546696Z Starting container: 43d816a0af1c_azappeqxshezlak6lk.
2026-03-10T20:42:55.2505336Z Starting watchers and probes.
2026-03-10T20:42:55.2519363Z Starting metrics collection.
2026-03-10T20:42:55.2521735Z Container is running.
2026-03-10T20:42:55.2523341Z State: Starting, Action: CreatingContainer, LastError: ContainerTimeout, LastErrorTimestamp: 03/10/2026 20:39:48, LastErrorDetails: Container did not start within expected time limit of 230s. Please inspect your container logs for more details., Details: Container azappeqxshezlak6lk successfully created and is running., DetailsLevel: INFO
2026-03-10T20:42:55.4413046Z Container start method finished after 50162 ms.
2026-03-10T20:42:55.4496655Z State: Starting, Action: InitiatingSiteWarmUpProbe, LastError: ContainerTimeout, LastErrorTimestamp: 03/10/2026 20:39:48, LastErrorDetails: Container did not start within expected time limit of 230s. Please inspect your container logs for more details., Details: Container azappeqxshezlak6lk successfully created and is running., DetailsLevel: INFO
2026-03-10T20:42:55.4501939Z State: Starting, Action: WaitingForSiteWarmUpProbeSuccess, LastError: ContainerTimeout, LastErrorTimestamp: 03/10/2026 20:39:48, LastErrorDetails: Container did not start within expected time limit of 230s. Please inspect your container logs for more details., Details: Pinging warmup path to ensure container is ready to receive requests., DetailsLevel: INFO
2026-03-10T20:43:11.2812892Z Container has finished running with exit code: 1.
2026-03-10T20:43:11.2819808Z Container is terminating. Grace period: 5 seconds.
2026-03-10T20:43:11.2830341Z Stop and delete container. Retry count = 0
2026-03-10T20:43:11.2834306Z Stopping container: 43d816a0af1c_azappeqxshezlak6lk.
2026-03-10T20:43:11.3728198Z Deleting container: 43d816a0af1c_azappeqxshezlak6lk. Retry count = 0
2026-03-10T20:43:11.6423404Z Container spec TerminationMessagePolicy  path 
2026-03-10T20:43:11.6635105Z Container is terminated. Total time elapsed: 380 ms.
2026-03-10T20:43:11.6649481Z Site container: azappeqxshezlak6lk terminated during site startup.
2026-03-10T20:43:11.6657511Z State: Stopping, Action: CancellingStartup, LastError: ContainerTimeout, LastErrorTimestamp: 03/10/2026 20:39:48, LastErrorDetails: Container did not start within expected time limit of 230s. Please inspect your container logs for more details., Details: Site container: azappeqxshezlak6lk terminated during site startup. Cancelling site startup., DetailsLevel: ERR
2026-03-10T20:43:11.7125068Z Site startup probe failed after 16.2506209 seconds.
2026-03-10T20:43:11.9018707Z State: Stopping, Action: CancellingStartup, LastError: ContainerTimeout, LastErrorTimestamp: 03/10/2026 20:43:11, LastErrorDetails: Container did not start within expected time limit of 230s. Please inspect your container logs for more details., Details: Site container: azappeqxshezlak6lk terminated during site startup. Cancelling site startup., DetailsLevel: ERR
2026-03-10T20:43:11.9125817Z Failed to start site. Revert by stopping site.
2026-03-10T20:43:11.9134815Z State: Stopping, Action: StoppingSite, LastError: ContainerTimeout, LastErrorTimestamp: 03/10/2026 20:43:11, LastErrorDetails: Container did not start within expected time limit of 230s. Please inspect your container logs for more details., Details: Site container: azappeqxshezlak6lk terminated during site startup. Cancelling site startup., DetailsLevel: ERR
2026-03-10T20:43:11.9141195Z State: Stopping, Action: StoppingSiteContainers, LastError: ContainerTimeout, LastErrorTimestamp: 03/10/2026 20:43:11, LastErrorDetails: Container did not start within expected time limit of 230s. Please inspect your container logs for more details., Details: Site container: azappeqxshezlak6lk terminated during site startup. Cancelling site startup., DetailsLevel: ERR
2026-03-10T20:43:11.9144249Z Site: azappeqxshezlak6lk stopped.
2026-03-10T20:43:11.9320192Z State: Stopping, Action: UnmountingVolumes, LastError: ContainerTimeout, LastErrorTimestamp: 03/10/2026 20:43:11, LastErrorDetails: Container did not start within expected time limit of 230s. Please inspect your container logs for more details., Details: Site container: azappeqxshezlak6lk terminated during site startup. Cancelling site startup., DetailsLevel: ERR
2026-03-10T20:43:12.8156338Z Site container: azappeqxshezlak6lk_managedIdentity terminated during site startup.
2026-03-10T20:43:12.8157521Z State: Stopping, Action: UnmountingVolumes, LastError: ContainerTimeout, LastErrorTimestamp: 03/10/2026 20:43:11, LastErrorDetails: Container did not start within expected time limit of 230s. Please inspect your container logs for more details., Details: Site container: azappeqxshezlak6lk terminated during site startup. Cancelling site startup., DetailsLevel: ERR
2026-03-10T20:43:12.9261842Z State: Stopping, Action: StoppingSiteNetworks, LastError: ContainerTimeout, LastErrorTimestamp: 03/10/2026 20:43:11, LastErrorDetails: Container did not start within expected time limit of 230s. Please inspect your container logs for more details., Details: Site container: azappeqxshezlak6lk terminated during site startup. Cancelling site startup., DetailsLevel: ERR
2026-03-10T20:43:13.1655544Z Site: azappeqxshezlak6lk will be blocked for 2 minutes till 03/10/2026 20:45:13
2026-03-10T20:43:13.1744850Z State: Blocked, Action: StoppingSiteNetworks, LastError: ContainerTimeout, LastErrorTimestamp: 03/10/2026 20:43:11, LastErrorDetails: Container did not start within expected time limit of 230s. Please inspect your container logs for more details., Details: Site: azappeqxshezlak6lk will be blocked for 2 minutes till 03/10/2026 20:45:13, DetailsLevel: WARN
2026-03-10T20:43:13.1848637Z State: Stopped, Action: None, LastError: ContainerTimeout, LastErrorTimestamp: 03/10/2026 20:43:11, LastErrorDetails: Container did not start within expected time limit of 230s. Please inspect your container logs for more details., Details: Site stopped at 03/10/2026 20:43:13 (UTC), DetailsLevel: WARN
2026-03-10T20:43:13.3936724Z State: Stopped, Action: None, LastError: ContainerTimeout, LastErrorTimestamp: 03/10/2026 20:43:11, LastErrorDetails: Container did not start within expected time limit of 230s. Please inspect your container logs for more details., Details: Site stopped at 03/10/2026 20:43:13 (UTC), DetailsLevel: WARN
2026-03-10T20:45:13.1700830Z Site: azappeqxshezlak6lk is unblocked.
2026-03-10T21:17:32.1671329Z State: Starting, Action: EstablishingSiteNetworks, LastError: ContainerTimeout, LastErrorTimestamp: 03/10/2026 20:43:11, LastErrorDetails: Container did not start within expected time limit of 230s. Please inspect your container logs for more details., Details: Site stopped at 03/10/2026 20:43:13 (UTC), DetailsLevel: WARN
2026-03-10T21:17:34.1489167Z State: Starting, Action: StartingMsiContainer, LastError: ContainerTimeout, LastErrorTimestamp: 03/10/2026 20:43:11, LastErrorDetails: Container did not start within expected time limit of 230s. Please inspect your container logs for more details., Details: Site stopped at 03/10/2026 20:43:13 (UTC), DetailsLevel: WARN
2026-03-10T21:17:42.8632941Z State: Starting, Action: StartingSiteContainers, LastError: ContainerTimeout, LastErrorTimestamp: 03/10/2026 20:43:11, LastErrorDetails: Container did not start within expected time limit of 230s. Please inspect your container logs for more details., Details: Site stopped at 03/10/2026 20:43:13 (UTC), DetailsLevel: WARN
2026-03-10T21:17:42.8635691Z Container start method called.
2026-03-10T21:17:42.8636577Z State: Starting, Action: PullingImage, LastError: ContainerTimeout, LastErrorTimestamp: 03/10/2026 20:43:11, LastErrorDetails: Container did not start within expected time limit of 230s. Please inspect your container logs for more details., Details: Pulling image mcr.microsoft.com/appsvc/node:20-lts_20260115.4.tuxprod for azappeqxshezlak6lk., DetailsLevel: INFO
2026-03-10T21:17:42.8637626Z Establishing network.
2026-03-10T21:17:42.8639924Z Pulling image: appsvc/node:20-lts_20260115.4.tuxprod.
2026-03-10T21:18:24.8596324Z Container is starting.
2026-03-10T21:18:24.8612936Z State: Starting, Action: MountingVolumes, LastError: ContainerTimeout, LastErrorTimestamp: 03/10/2026 20:43:11, LastErrorDetails: Container did not start within expected time limit of 230s. Please inspect your container logs for more details., Details: Mounting volumes for azappeqxshezlak6lk., DetailsLevel: INFO
2026-03-10T21:18:24.8619592Z Establishing user namespace if not established already.
2026-03-10T21:18:24.8694790Z Establishing network if not established already.
2026-03-10T21:18:24.8701748Z Mounting volumes.
2026-03-10T21:18:24.8803236Z Nested mountpoint site/wwwroot
2026-03-10T21:18:24.9095716Z Nested mountpoint volatile/logs
2026-03-10T21:18:24.9118094Z Nested mountpoint 
2026-03-10T21:18:24.9710262Z Nested mountpoint 
2026-03-10T21:18:25.0193084Z Nested mountpoint 
2026-03-10T21:18:25.0791116Z Nested mountpoint 
2026-03-10T21:18:25.7318192Z State: Starting, Action: CreatingContainer, LastError: ContainerTimeout, LastErrorTimestamp: 03/10/2026 20:43:11, LastErrorDetails: Container did not start within expected time limit of 230s. Please inspect your container logs for more details., Details: Finished pulling container image and mounting volumes for azappeqxshezlak6lk. Allocatinng the rest of the container resources to finish container creation., DetailsLevel: INFO
2026-03-10T21:18:25.7319004Z Creating container.
2026-03-10T21:18:25.7319529Z Creating pipes for streaming container io.
2026-03-10T21:18:25.7320053Z Creating stdout named pipe at /podr/container/pipe/16886eae616b_azappeqxshezlak6lk/stdout_a3747459ca1947e5b9ebbc9350367559.
2026-03-10T21:18:25.7325056Z Successfully created stdout named pipe at: /podr/container/pipe/16886eae616b_azappeqxshezlak6lk/stdout_a3747459ca1947e5b9ebbc9350367559.
2026-03-10T21:18:25.7328850Z Opening named pipe /podr/container/pipe/16886eae616b_azappeqxshezlak6lk/stdout_a3747459ca1947e5b9ebbc9350367559 for reading in non-blocking mode.
2026-03-10T21:18:25.7329605Z Successfully opened named pipe: /podr/container/pipe/16886eae616b_azappeqxshezlak6lk/stdout_a3747459ca1947e5b9ebbc9350367559.
2026-03-10T21:18:25.7330083Z Successfully removed non-blocking flag from /podr/container/pipe/16886eae616b_azappeqxshezlak6lk/stdout_a3747459ca1947e5b9ebbc9350367559.
2026-03-10T21:18:25.7330846Z Creating stderr named pipe at /podr/container/pipe/16886eae616b_azappeqxshezlak6lk/stderr_2842838e01d541d1b6798ce2c898c1f0.
2026-03-10T21:18:25.7332382Z Successfully created stderr named pipe at: /podr/container/pipe/16886eae616b_azappeqxshezlak6lk/stderr_2842838e01d541d1b6798ce2c898c1f0.
2026-03-10T21:18:25.7333038Z Opening named pipe /podr/container/pipe/16886eae616b_azappeqxshezlak6lk/stderr_2842838e01d541d1b6798ce2c898c1f0 for reading in non-blocking mode.
2026-03-10T21:18:25.7333665Z Successfully opened named pipe: /podr/container/pipe/16886eae616b_azappeqxshezlak6lk/stderr_2842838e01d541d1b6798ce2c898c1f0.
2026-03-10T21:18:25.7334119Z Successfully removed non-blocking flag from /podr/container/pipe/16886eae616b_azappeqxshezlak6lk/stderr_2842838e01d541d1b6798ce2c898c1f0.
2026-03-10T21:18:25.7334748Z Creating container with image: appsvc/node:20-lts_20260115.4.tuxprod from registry: mcr.microsoft.com and fully qualified image name: mcr.microsoft.com/appsvc/node:20-lts_20260115.4.tuxprod
2026-03-10T21:18:26.7671636Z Starting container: 16886eae616b_azappeqxshezlak6lk.
2026-03-10T21:18:26.9389378Z Starting watchers and probes.
2026-03-10T21:18:26.9585847Z Starting metrics collection.
2026-03-10T21:18:27.0185745Z Container is running.
2026-03-10T21:18:27.0186441Z State: Starting, Action: CreatingContainer, LastError: ContainerTimeout, LastErrorTimestamp: 03/10/2026 20:43:11, LastErrorDetails: Container did not start within expected time limit of 230s. Please inspect your container logs for more details., Details: Container azappeqxshezlak6lk successfully created and is running., DetailsLevel: INFO
2026-03-10T21:18:27.2886848Z Container start method finished after 44417 ms.
2026-03-10T21:18:27.2907338Z State: Starting, Action: InitiatingSiteWarmUpProbe, LastError: ContainerTimeout, LastErrorTimestamp: 03/10/2026 20:43:11, LastErrorDetails: Container did not start within expected time limit of 230s. Please inspect your container logs for more details., Details: Container azappeqxshezlak6lk successfully created and is running., DetailsLevel: INFO
2026-03-10T21:18:27.2991348Z State: Starting, Action: WaitingForSiteWarmUpProbeSuccess, LastError: ContainerTimeout, LastErrorTimestamp: 03/10/2026 20:43:11, LastErrorDetails: Container did not start within expected time limit of 230s. Please inspect your container logs for more details., Details: Pinging warmup path to ensure container is ready to receive requests., DetailsLevel: INFO
2026-03-10T21:18:44.1977628Z Container has finished running with exit code: 1.
2026-03-10T21:18:44.1989738Z Container is terminating. Grace period: 5 seconds.
2026-03-10T21:18:44.2175608Z Stop and delete container. Retry count = 0
2026-03-10T21:18:44.2180730Z Stopping container: 16886eae616b_azappeqxshezlak6lk.
2026-03-10T21:18:44.2880206Z Deleting container: 16886eae616b_azappeqxshezlak6lk. Retry count = 0
2026-03-10T21:18:44.5474454Z Container spec TerminationMessagePolicy  path 
2026-03-10T21:18:44.5484354Z Container is terminated. Total time elapsed: 341 ms.
2026-03-10T21:18:44.5490299Z Site container: azappeqxshezlak6lk terminated during site startup.
2026-03-10T21:18:44.5497954Z State: Stopping, Action: CancellingStartup, LastError: ContainerTimeout, LastErrorTimestamp: 03/10/2026 20:43:11, LastErrorDetails: Container did not start within expected time limit of 230s. Please inspect your container logs for more details., Details: Site container: azappeqxshezlak6lk terminated during site startup. Cancelling site startup., DetailsLevel: ERR
2026-03-10T21:18:44.6079851Z Site startup probe failed after 17.2883464 seconds.
2026-03-10T21:18:44.8187607Z State: Stopping, Action: CancellingStartup, LastError: ContainerTimeout, LastErrorTimestamp: 03/10/2026 21:18:44, LastErrorDetails: Container did not start within expected time limit of 230s. Please inspect your container logs for more details., Details: Site container: azappeqxshezlak6lk terminated during site startup. Cancelling site startup., DetailsLevel: ERR
2026-03-10T21:18:44.8374813Z Failed to start site. Revert by stopping site.
2026-03-10T21:18:44.8476201Z State: Stopping, Action: StoppingSite, LastError: ContainerTimeout, LastErrorTimestamp: 03/10/2026 21:18:44, LastErrorDetails: Container did not start within expected time limit of 230s. Please inspect your container logs for more details., Details: Site container: azappeqxshezlak6lk terminated during site startup. Cancelling site startup., DetailsLevel: ERR
2026-03-10T21:18:44.8485864Z State: Stopping, Action: StoppingSiteContainers, LastError: ContainerTimeout, LastErrorTimestamp: 03/10/2026 21:18:44, LastErrorDetails: Container did not start within expected time limit of 230s. Please inspect your container logs for more details., Details: Site container: azappeqxshezlak6lk terminated during site startup. Cancelling site startup., DetailsLevel: ERR
2026-03-10T21:18:44.8490096Z Site: azappeqxshezlak6lk stopped.
2026-03-10T21:18:44.8580970Z State: Stopping, Action: UnmountingVolumes, LastError: ContainerTimeout, LastErrorTimestamp: 03/10/2026 21:18:44, LastErrorDetails: Container did not start within expected time limit of 230s. Please inspect your container logs for more details., Details: Site container: azappeqxshezlak6lk terminated during site startup. Cancelling site startup., DetailsLevel: ERR
2026-03-10T21:18:45.8869108Z Site container: azappeqxshezlak6lk_managedIdentity terminated during site startup.
2026-03-10T21:18:45.8869819Z State: Stopping, Action: UnmountingVolumes, LastError: ContainerTimeout, LastErrorTimestamp: 03/10/2026 21:18:44, LastErrorDetails: Container did not start within expected time limit of 230s. Please inspect your container logs for more details., Details: Site container: azappeqxshezlak6lk terminated during site startup. Cancelling site startup., DetailsLevel: ERR
2026-03-10T21:18:45.9781315Z State: Stopping, Action: StoppingSiteNetworks, LastError: ContainerTimeout, LastErrorTimestamp: 03/10/2026 21:18:44, LastErrorDetails: Container did not start within expected time limit of 230s. Please inspect your container logs for more details., Details: Site container: azappeqxshezlak6lk terminated during site startup. Cancelling site startup., DetailsLevel: ERR
2026-03-10T21:18:46.2374876Z Site: azappeqxshezlak6lk will be blocked for 2 minutes till 03/10/2026 21:20:46
2026-03-10T21:18:46.2375987Z State: Blocked, Action: StoppingSiteNetworks, LastError: ContainerTimeout, LastErrorTimestamp: 03/10/2026 21:18:44, LastErrorDetails: Container did not start within expected time limit of 230s. Please inspect your container logs for more details., Details: Site: azappeqxshezlak6lk will be blocked for 2 minutes till 03/10/2026 21:20:46, DetailsLevel: WARN
2026-03-10T21:18:46.2468196Z State: Stopped, Action: None, LastError: ContainerTimeout, LastErrorTimestamp: 03/10/2026 21:18:44, LastErrorDetails: Container did not start within expected time limit of 230s. Please inspect your container logs for more details., Details: Site stopped at 03/10/2026 21:18:46 (UTC), DetailsLevel: WARN
2026-03-10T21:18:46.4292210Z State: Stopped, Action: None, LastError: ContainerTimeout, LastErrorTimestamp: 03/10/2026 21:18:44, LastErrorDetails: Container did not start within expected time limit of 230s. Please inspect your container logs for more details., Details: Site stopped at 03/10/2026 21:18:46 (UTC), DetailsLevel: WARN
2026-03-10T21:20:46.2462390Z Site: azappeqxshezlak6lk is unblocked.
2026-03-10T21:52:34.3331258Z State: Starting, Action: EstablishingSiteNetworks, LastError: ContainerTimeout, LastErrorTimestamp: 03/10/2026 21:18:44, LastErrorDetails: Container did not start within expected time limit of 230s. Please inspect your container logs for more details., Details: Site stopped at 03/10/2026 21:18:46 (UTC), DetailsLevel: WARN
2026-03-10T21:52:35.9722779Z State: Starting, Action: StartingMsiContainer, LastError: ContainerTimeout, LastErrorTimestamp: 03/10/2026 21:18:44, LastErrorDetails: Container did not start within expected time limit of 230s. Please inspect your container logs for more details., Details: Site stopped at 03/10/2026 21:18:46 (UTC), DetailsLevel: WARN
2026-03-10T21:52:44.1817231Z State: Starting, Action: StartingSiteContainers, LastError: ContainerTimeout, LastErrorTimestamp: 03/10/2026 21:18:44, LastErrorDetails: Container did not start within expected time limit of 230s. Please inspect your container logs for more details., Details: Site stopped at 03/10/2026 21:18:46 (UTC), DetailsLevel: WARN
2026-03-10T21:52:44.1819793Z Container start method called.
2026-03-10T21:52:44.1820524Z State: Starting, Action: PullingImage, LastError: ContainerTimeout, LastErrorTimestamp: 03/10/2026 21:18:44, LastErrorDetails: Container did not start within expected time limit of 230s. Please inspect your container logs for more details., Details: Pulling image mcr.microsoft.com/appsvc/node:20-lts_20260115.4.tuxprod for azappeqxshezlak6lk., DetailsLevel: INFO
2026-03-10T21:52:44.1821331Z Establishing network.
2026-03-10T21:52:44.1822264Z Pulling image: appsvc/node:20-lts_20260115.4.tuxprod.
2026-03-10T21:53:24.4681882Z Container is starting.
2026-03-10T21:53:24.4738217Z State: Starting, Action: MountingVolumes, LastError: ContainerTimeout, LastErrorTimestamp: 03/10/2026 21:18:44, LastErrorDetails: Container did not start within expected time limit of 230s. Please inspect your container logs for more details., Details: Mounting volumes for azappeqxshezlak6lk., DetailsLevel: INFO
2026-03-10T21:53:24.4744641Z Establishing user namespace if not established already.
2026-03-10T21:53:24.4750981Z Establishing network if not established already.
2026-03-10T21:53:24.4756782Z Mounting volumes.
2026-03-10T21:53:24.4766453Z Nested mountpoint site/wwwroot
2026-03-10T21:53:24.5245462Z Nested mountpoint volatile/logs
2026-03-10T21:53:24.5340056Z Nested mountpoint 
2026-03-10T21:53:24.5661041Z Nested mountpoint 
2026-03-10T21:53:24.6242496Z Nested mountpoint 
2026-03-10T21:53:24.6633807Z Nested mountpoint 
2026-03-10T21:53:25.1860199Z State: Starting, Action: CreatingContainer, LastError: ContainerTimeout, LastErrorTimestamp: 03/10/2026 21:18:44, LastErrorDetails: Container did not start within expected time limit of 230s. Please inspect your container logs for more details., Details: Finished pulling container image and mounting volumes for azappeqxshezlak6lk. Allocatinng the rest of the container resources to finish container creation., DetailsLevel: INFO
2026-03-10T21:53:25.1934360Z Creating container.
2026-03-10T21:53:25.1936441Z Creating pipes for streaming container io.
2026-03-10T21:53:25.1944150Z Creating stdout named pipe at /podr/container/pipe/079917ce1508_azappeqxshezlak6lk/stdout_e017f24cfebd47bbaa703ac6e040b07a.
2026-03-10T21:53:25.1949057Z Successfully created stdout named pipe at: /podr/container/pipe/079917ce1508_azappeqxshezlak6lk/stdout_e017f24cfebd47bbaa703ac6e040b07a.
2026-03-10T21:53:25.1958183Z Opening named pipe /podr/container/pipe/079917ce1508_azappeqxshezlak6lk/stdout_e017f24cfebd47bbaa703ac6e040b07a for reading in non-blocking mode.
2026-03-10T21:53:25.2130277Z Successfully opened named pipe: /podr/container/pipe/079917ce1508_azappeqxshezlak6lk/stdout_e017f24cfebd47bbaa703ac6e040b07a.
2026-03-10T21:53:25.2131922Z Successfully removed non-blocking flag from /podr/container/pipe/079917ce1508_azappeqxshezlak6lk/stdout_e017f24cfebd47bbaa703ac6e040b07a.
2026-03-10T21:53:25.2139516Z Creating stderr named pipe at /podr/container/pipe/079917ce1508_azappeqxshezlak6lk/stderr_40096bc672074b70addb302387e814ec.
2026-03-10T21:53:25.2144930Z Successfully created stderr named pipe at: /podr/container/pipe/079917ce1508_azappeqxshezlak6lk/stderr_40096bc672074b70addb302387e814ec.
2026-03-10T21:53:25.2147074Z Opening named pipe /podr/container/pipe/079917ce1508_azappeqxshezlak6lk/stderr_40096bc672074b70addb302387e814ec for reading in non-blocking mode.
2026-03-10T21:53:25.2150294Z Successfully opened named pipe: /podr/container/pipe/079917ce1508_azappeqxshezlak6lk/stderr_40096bc672074b70addb302387e814ec.
2026-03-10T21:53:25.2155556Z Successfully removed non-blocking flag from /podr/container/pipe/079917ce1508_azappeqxshezlak6lk/stderr_40096bc672074b70addb302387e814ec.
2026-03-10T21:53:25.2252772Z Creating container with image: appsvc/node:20-lts_20260115.4.tuxprod from registry: mcr.microsoft.com and fully qualified image name: mcr.microsoft.com/appsvc/node:20-lts_20260115.4.tuxprod
2026-03-10T21:53:25.6454144Z Starting container: 079917ce1508_azappeqxshezlak6lk.
2026-03-10T21:53:25.6975292Z Starting watchers and probes.
2026-03-10T21:53:25.7171166Z Starting metrics collection.
2026-03-10T21:53:25.7176435Z Container is running.
2026-03-10T21:53:25.7181178Z State: Starting, Action: CreatingContainer, LastError: ContainerTimeout, LastErrorTimestamp: 03/10/2026 21:18:44, LastErrorDetails: Container did not start within expected time limit of 230s. Please inspect your container logs for more details., Details: Container azappeqxshezlak6lk successfully created and is running., DetailsLevel: INFO
2026-03-10T21:53:25.8665645Z Container start method finished after 41684 ms.
2026-03-10T21:53:25.8861727Z State: Starting, Action: InitiatingSiteWarmUpProbe, LastError: ContainerTimeout, LastErrorTimestamp: 03/10/2026 21:18:44, LastErrorDetails: Container did not start within expected time limit of 230s. Please inspect your container logs for more details., Details: Container azappeqxshezlak6lk successfully created and is running., DetailsLevel: INFO
2026-03-10T21:53:25.8865217Z State: Starting, Action: WaitingForSiteWarmUpProbeSuccess, LastError: ContainerTimeout, LastErrorTimestamp: 03/10/2026 21:18:44, LastErrorDetails: Container did not start within expected time limit of 230s. Please inspect your container logs for more details., Details: Pinging warmup path to ensure container is ready to receive requests., DetailsLevel: INFO
2026-03-10T21:53:43.9565647Z Container has finished running with exit code: 1.
2026-03-10T21:53:43.9568341Z Container is terminating. Grace period: 5 seconds.
2026-03-10T21:53:43.9668544Z Stop and delete container. Retry count = 0
2026-03-10T21:53:43.9671372Z Stopping container: 079917ce1508_azappeqxshezlak6lk.
2026-03-10T21:53:44.0464259Z Deleting container: 079917ce1508_azappeqxshezlak6lk. Retry count = 0
2026-03-10T21:53:44.3368747Z Container spec TerminationMessagePolicy  path 
2026-03-10T21:53:44.3557074Z Container is terminated. Total time elapsed: 398 ms.
2026-03-10T21:53:44.3559600Z Site container: azappeqxshezlak6lk terminated during site startup.
2026-03-10T21:53:44.3562460Z State: Stopping, Action: CancellingStartup, LastError: ContainerTimeout, LastErrorTimestamp: 03/10/2026 21:18:44, LastErrorDetails: Container did not start within expected time limit of 230s. Please inspect your container logs for more details., Details: Site container: azappeqxshezlak6lk terminated during site startup. Cancelling site startup., DetailsLevel: ERR
2026-03-10T21:53:44.4145186Z Site startup probe failed after 18.4606079 seconds.
2026-03-10T21:53:44.6539352Z State: Stopping, Action: CancellingStartup, LastError: ContainerTimeout, LastErrorTimestamp: 03/10/2026 21:53:44, LastErrorDetails: Container did not start within expected time limit of 230s. Please inspect your container logs for more details., Details: Site container: azappeqxshezlak6lk terminated during site startup. Cancelling site startup., DetailsLevel: ERR
2026-03-10T21:53:44.7142482Z Failed to start site. Revert by stopping site.
2026-03-10T21:53:44.7257929Z State: Stopping, Action: StoppingSite, LastError: ContainerTimeout, LastErrorTimestamp: 03/10/2026 21:53:44, LastErrorDetails: Container did not start within expected time limit of 230s. Please inspect your container logs for more details., Details: Site container: azappeqxshezlak6lk terminated during site startup. Cancelling site startup., DetailsLevel: ERR
2026-03-10T21:53:44.7353231Z State: Stopping, Action: StoppingSiteContainers, LastError: ContainerTimeout, LastErrorTimestamp: 03/10/2026 21:53:44, LastErrorDetails: Container did not start within expected time limit of 230s. Please inspect your container logs for more details., Details: Site container: azappeqxshezlak6lk terminated during site startup. Cancelling site startup., DetailsLevel: ERR
2026-03-10T21:53:44.7438638Z Site: azappeqxshezlak6lk stopped.
2026-03-10T21:53:44.7558603Z State: Stopping, Action: UnmountingVolumes, LastError: ContainerTimeout, LastErrorTimestamp: 03/10/2026 21:53:44, LastErrorDetails: Container did not start within expected time limit of 230s. Please inspect your container logs for more details., Details: Site container: azappeqxshezlak6lk terminated during site startup. Cancelling site startup., DetailsLevel: ERR
2026-03-10T21:53:46.8584247Z Site container: azappeqxshezlak6lk_managedIdentity terminated during site startup.
2026-03-10T21:53:46.8585348Z State: Stopping, Action: UnmountingVolumes, LastError: ContainerTimeout, LastErrorTimestamp: 03/10/2026 21:53:44, LastErrorDetails: Container did not start within expected time limit of 230s. Please inspect your container logs for more details., Details: Site container: azappeqxshezlak6lk terminated during site startup. Cancelling site startup., DetailsLevel: ERR
2026-03-10T21:53:47.0004882Z State: Stopping, Action: StoppingSiteNetworks, LastError: ContainerTimeout, LastErrorTimestamp: 03/10/2026 21:53:44, LastErrorDetails: Container did not start within expected time limit of 230s. Please inspect your container logs for more details., Details: Site container: azappeqxshezlak6lk terminated during site startup. Cancelling site startup., DetailsLevel: ERR
2026-03-10T21:53:47.3595775Z Site: azappeqxshezlak6lk will be blocked for 2 minutes till 03/10/2026 21:55:47
2026-03-10T21:53:47.3599878Z State: Blocked, Action: StoppingSiteNetworks, LastError: ContainerTimeout, LastErrorTimestamp: 03/10/2026 21:53:44, LastErrorDetails: Container did not start within expected time limit of 230s. Please inspect your container logs for more details., Details: Site: azappeqxshezlak6lk will be blocked for 2 minutes till 03/10/2026 21:55:47, DetailsLevel: WARN
2026-03-10T21:53:47.3907377Z State: Stopped, Action: None, LastError: ContainerTimeout, LastErrorTimestamp: 03/10/2026 21:53:44, LastErrorDetails: Container did not start within expected time limit of 230s. Please inspect your container logs for more details., Details: Site stopped at 03/10/2026 21:53:47 (UTC), DetailsLevel: WARN
2026-03-10T21:53:47.5991249Z State: Stopped, Action: None, LastError: ContainerTimeout, LastErrorTimestamp: 03/10/2026 21:53:44, LastErrorDetails: Container did not start within expected time limit of 230s. Please inspect your container logs for more details., Details: Site stopped at 03/10/2026 21:53:47 (UTC), DetailsLevel: WARN
2026-03-10T21:55:47.3622008Z Site: azappeqxshezlak6lk is unblocked.
2026-03-10T22:27:36.4498791Z State: Starting, Action: EstablishingSiteNetworks, LastError: ContainerTimeout, LastErrorTimestamp: 03/10/2026 21:53:44, LastErrorDetails: Container did not start within expected time limit of 230s. Please inspect your container logs for more details., Details: Site stopped at 03/10/2026 21:53:47 (UTC), DetailsLevel: WARN
2026-03-10T22:27:38.3240882Z State: Starting, Action: StartingMsiContainer, LastError: ContainerTimeout, LastErrorTimestamp: 03/10/2026 21:53:44, LastErrorDetails: Container did not start within expected time limit of 230s. Please inspect your container logs for more details., Details: Site stopped at 03/10/2026 21:53:47 (UTC), DetailsLevel: WARN
2026-03-10T22:27:46.2271108Z State: Starting, Action: StartingSiteContainers, LastError: ContainerTimeout, LastErrorTimestamp: 03/10/2026 21:53:44, LastErrorDetails: Container did not start within expected time limit of 230s. Please inspect your container logs for more details., Details: Site stopped at 03/10/2026 21:53:47 (UTC), DetailsLevel: WARN
2026-03-10T22:27:46.2284401Z Container start method called.
2026-03-10T22:27:46.2361488Z State: Starting, Action: PullingImage, LastError: ContainerTimeout, LastErrorTimestamp: 03/10/2026 21:53:44, LastErrorDetails: Container did not start within expected time limit of 230s. Please inspect your container logs for more details., Details: Pulling image mcr.microsoft.com/appsvc/node:20-lts_20260115.4.tuxprod for azappeqxshezlak6lk., DetailsLevel: INFO
2026-03-10T22:27:46.2362903Z Establishing network.
2026-03-10T22:27:46.2364112Z Pulling image: appsvc/node:20-lts_20260115.4.tuxprod.
2026-03-10T22:28:28.3669530Z Container is starting.
2026-03-10T22:28:28.3677539Z State: Starting, Action: MountingVolumes, LastError: ContainerTimeout, LastErrorTimestamp: 03/10/2026 21:53:44, LastErrorDetails: Container did not start within expected time limit of 230s. Please inspect your container logs for more details., Details: Mounting volumes for azappeqxshezlak6lk., DetailsLevel: INFO
2026-03-10T22:28:28.3679416Z Establishing user namespace if not established already.
2026-03-10T22:28:28.3682938Z Establishing network if not established already.
2026-03-10T22:28:28.3753190Z Mounting volumes.
2026-03-10T22:28:28.3758593Z Nested mountpoint site/wwwroot
2026-03-10T22:28:28.4055207Z Nested mountpoint volatile/logs
2026-03-10T22:28:28.4158015Z Nested mountpoint 
2026-03-10T22:28:28.4657148Z Nested mountpoint 
2026-03-10T22:28:28.4951896Z Nested mountpoint 
2026-03-10T22:28:28.4964427Z Nested mountpoint 
2026-03-10T22:28:29.0272483Z State: Starting, Action: CreatingContainer, LastError: ContainerTimeout, LastErrorTimestamp: 03/10/2026 21:53:44, LastErrorDetails: Container did not start within expected time limit of 230s. Please inspect your container logs for more details., Details: Finished pulling container image and mounting volumes for azappeqxshezlak6lk. Allocatinng the rest of the container resources to finish container creation., DetailsLevel: INFO
2026-03-10T22:28:29.0275601Z Creating container.
2026-03-10T22:28:29.0280036Z Creating pipes for streaming container io.
2026-03-10T22:28:29.0283202Z Creating stdout named pipe at /podr/container/pipe/19e52d39dc3b_azappeqxshezlak6lk/stdout_cd46ea514c7f4a1588d3d250c30873a6.
2026-03-10T22:28:29.0356508Z Successfully created stdout named pipe at: /podr/container/pipe/19e52d39dc3b_azappeqxshezlak6lk/stdout_cd46ea514c7f4a1588d3d250c30873a6.
2026-03-10T22:28:29.0359990Z Opening named pipe /podr/container/pipe/19e52d39dc3b_azappeqxshezlak6lk/stdout_cd46ea514c7f4a1588d3d250c30873a6 for reading in non-blocking mode.
2026-03-10T22:28:29.0362623Z Successfully opened named pipe: /podr/container/pipe/19e52d39dc3b_azappeqxshezlak6lk/stdout_cd46ea514c7f4a1588d3d250c30873a6.
2026-03-10T22:28:29.0363603Z Successfully removed non-blocking flag from /podr/container/pipe/19e52d39dc3b_azappeqxshezlak6lk/stdout_cd46ea514c7f4a1588d3d250c30873a6.
2026-03-10T22:28:29.0371744Z Creating stderr named pipe at /podr/container/pipe/19e52d39dc3b_azappeqxshezlak6lk/stderr_5bd9b810fb834f1b95a2b891925e26ce.
2026-03-10T22:28:29.0372951Z Successfully created stderr named pipe at: /podr/container/pipe/19e52d39dc3b_azappeqxshezlak6lk/stderr_5bd9b810fb834f1b95a2b891925e26ce.
2026-03-10T22:28:29.0373650Z Opening named pipe /podr/container/pipe/19e52d39dc3b_azappeqxshezlak6lk/stderr_5bd9b810fb834f1b95a2b891925e26ce for reading in non-blocking mode.
2026-03-10T22:28:29.0374425Z Successfully opened named pipe: /podr/container/pipe/19e52d39dc3b_azappeqxshezlak6lk/stderr_5bd9b810fb834f1b95a2b891925e26ce.
2026-03-10T22:28:29.0375957Z Successfully removed non-blocking flag from /podr/container/pipe/19e52d39dc3b_azappeqxshezlak6lk/stderr_5bd9b810fb834f1b95a2b891925e26ce.
2026-03-10T22:28:29.0378968Z Creating container with image: appsvc/node:20-lts_20260115.4.tuxprod from registry: mcr.microsoft.com and fully qualified image name: mcr.microsoft.com/appsvc/node:20-lts_20260115.4.tuxprod
2026-03-10T22:28:29.3991472Z Starting container: 19e52d39dc3b_azappeqxshezlak6lk.
2026-03-10T22:28:29.5008322Z Starting watchers and probes.
2026-03-10T22:28:29.5085408Z Starting metrics collection.
2026-03-10T22:28:29.5090301Z Container is running.
2026-03-10T22:28:29.5090988Z State: Starting, Action: CreatingContainer, LastError: ContainerTimeout, LastErrorTimestamp: 03/10/2026 21:53:44, LastErrorDetails: Container did not start within expected time limit of 230s. Please inspect your container logs for more details., Details: Container azappeqxshezlak6lk successfully created and is running., DetailsLevel: INFO
2026-03-10T22:28:29.6585653Z Container start method finished after 43430 ms.
2026-03-10T22:28:29.6599064Z State: Starting, Action: InitiatingSiteWarmUpProbe, LastError: ContainerTimeout, LastErrorTimestamp: 03/10/2026 21:53:44, LastErrorDetails: Container did not start within expected time limit of 230s. Please inspect your container logs for more details., Details: Container azappeqxshezlak6lk successfully created and is running., DetailsLevel: INFO
2026-03-10T22:28:29.6677893Z State: Starting, Action: WaitingForSiteWarmUpProbeSuccess, LastError: ContainerTimeout, LastErrorTimestamp: 03/10/2026 21:53:44, LastErrorDetails: Container did not start within expected time limit of 230s. Please inspect your container logs for more details., Details: Pinging warmup path to ensure container is ready to receive requests., DetailsLevel: INFO
2026-03-10T22:28:46.3607822Z Container has finished running with exit code: 1.
2026-03-10T22:28:46.3612640Z Container is terminating. Grace period: 5 seconds.
2026-03-10T22:28:46.3624022Z Stop and delete container. Retry count = 0
2026-03-10T22:28:46.3695767Z Stopping container: 19e52d39dc3b_azappeqxshezlak6lk.
2026-03-10T22:28:46.4203748Z Deleting container: 19e52d39dc3b_azappeqxshezlak6lk. Retry count = 0
2026-03-10T22:28:46.9078957Z Container spec TerminationMessagePolicy  path 
2026-03-10T22:28:46.9158169Z Container is terminated. Total time elapsed: 554 ms.
2026-03-10T22:28:46.9165748Z Site container: azappeqxshezlak6lk terminated during site startup.
2026-03-10T22:28:46.9171208Z State: Stopping, Action: CancellingStartup, LastError: ContainerTimeout, LastErrorTimestamp: 03/10/2026 21:53:44, LastErrorDetails: Container did not start within expected time limit of 230s. Please inspect your container logs for more details., Details: Site container: azappeqxshezlak6lk terminated during site startup. Cancelling site startup., DetailsLevel: ERR
2026-03-10T22:28:46.9364916Z Site startup probe failed after 17.2309148 seconds.
2026-03-10T22:28:47.1861026Z State: Stopping, Action: CancellingStartup, LastError: ContainerTimeout, LastErrorTimestamp: 03/10/2026 22:28:47, LastErrorDetails: Container did not start within expected time limit of 230s. Please inspect your container logs for more details., Details: Site container: azappeqxshezlak6lk terminated during site startup. Cancelling site startup., DetailsLevel: ERR
2026-03-10T22:28:47.2065527Z Failed to start site. Revert by stopping site.
2026-03-10T22:28:47.2284301Z State: Stopping, Action: StoppingSite, LastError: ContainerTimeout, LastErrorTimestamp: 03/10/2026 22:28:47, LastErrorDetails: Container did not start within expected time limit of 230s. Please inspect your container logs for more details., Details: Site container: azappeqxshezlak6lk terminated during site startup. Cancelling site startup., DetailsLevel: ERR
2026-03-10T22:28:47.2460589Z State: Stopping, Action: StoppingSiteContainers, LastError: ContainerTimeout, LastErrorTimestamp: 03/10/2026 22:28:47, LastErrorDetails: Container did not start within expected time limit of 230s. Please inspect your container logs for more details., Details: Site container: azappeqxshezlak6lk terminated during site startup. Cancelling site startup., DetailsLevel: ERR
2026-03-10T22:28:47.2464305Z Site: azappeqxshezlak6lk stopped.
2026-03-10T22:28:47.2566156Z State: Stopping, Action: UnmountingVolumes, LastError: ContainerTimeout, LastErrorTimestamp: 03/10/2026 22:28:47, LastErrorDetails: Container did not start within expected time limit of 230s. Please inspect your container logs for more details., Details: Site container: azappeqxshezlak6lk terminated during site startup. Cancelling site startup., DetailsLevel: ERR
2026-03-10T22:28:47.9897733Z Site container: azappeqxshezlak6lk_managedIdentity terminated during site startup.
2026-03-10T22:28:47.9901886Z State: Stopping, Action: UnmountingVolumes, LastError: ContainerTimeout, LastErrorTimestamp: 03/10/2026 22:28:47, LastErrorDetails: Container did not start within expected time limit of 230s. Please inspect your container logs for more details., Details: Site container: azappeqxshezlak6lk terminated during site startup. Cancelling site startup., DetailsLevel: ERR
2026-03-10T22:28:48.0316098Z State: Stopping, Action: StoppingSiteNetworks, LastError: ContainerTimeout, LastErrorTimestamp: 03/10/2026 22:28:47, LastErrorDetails: Container did not start within expected time limit of 230s. Please inspect your container logs for more details., Details: Site container: azappeqxshezlak6lk terminated during site startup. Cancelling site startup., DetailsLevel: ERR
2026-03-10T22:28:48.3406458Z Site: azappeqxshezlak6lk will be blocked for 2 minutes till 03/10/2026 22:30:48
2026-03-10T22:28:48.3629084Z State: Blocked, Action: StoppingSiteNetworks, LastError: ContainerTimeout, LastErrorTimestamp: 03/10/2026 22:28:47, LastErrorDetails: Container did not start within expected time limit of 230s. Please inspect your container logs for more details., Details: Site: azappeqxshezlak6lk will be blocked for 2 minutes till 03/10/2026 22:30:48, DetailsLevel: WARN
2026-03-10T22:28:48.3651913Z State: Stopped, Action: None, LastError: ContainerTimeout, LastErrorTimestamp: 03/10/2026 22:28:47, LastErrorDetails: Container did not start within expected time limit of 230s. Please inspect your container logs for more details., Details: Site stopped at 03/10/2026 22:28:48 (UTC), DetailsLevel: WARN
2026-03-10T22:28:48.4956369Z State: Stopped, Action: None, LastError: ContainerTimeout, LastErrorTimestamp: 03/10/2026 22:28:47, LastErrorDetails: Container did not start within expected time limit of 230s. Please inspect your container logs for more details., Details: Site stopped at 03/10/2026 22:28:48 (UTC), DetailsLevel: WARN
2026-03-10T22:30:48.3373510Z Site: azappeqxshezlak6lk is unblocked.
2026-03-10T23:02:39.0743405Z State: Starting, Action: EstablishingSiteNetworks, LastError: ContainerTimeout, LastErrorTimestamp: 03/10/2026 22:28:47, LastErrorDetails: Container did not start within expected time limit of 230s. Please inspect your container logs for more details., Details: Site stopped at 03/10/2026 22:28:48 (UTC), DetailsLevel: WARN
2026-03-10T23:02:40.6921697Z State: Starting, Action: StartingMsiContainer, LastError: ContainerTimeout, LastErrorTimestamp: 03/10/2026 22:28:47, LastErrorDetails: Container did not start within expected time limit of 230s. Please inspect your container logs for more details., Details: Site stopped at 03/10/2026 22:28:48 (UTC), DetailsLevel: WARN
2026-03-10T23:02:47.7661038Z State: Starting, Action: StartingSiteContainers, LastError: ContainerTimeout, LastErrorTimestamp: 03/10/2026 22:28:47, LastErrorDetails: Container did not start within expected time limit of 230s. Please inspect your container logs for more details., Details: Site stopped at 03/10/2026 22:28:48 (UTC), DetailsLevel: WARN
2026-03-10T23:02:47.7668487Z Container start method called.
2026-03-10T23:02:47.7676935Z State: Starting, Action: PullingImage, LastError: ContainerTimeout, LastErrorTimestamp: 03/10/2026 22:28:47, LastErrorDetails: Container did not start within expected time limit of 230s. Please inspect your container logs for more details., Details: Pulling image mcr.microsoft.com/appsvc/node:20-lts_20260115.4.tuxprod for azappeqxshezlak6lk., DetailsLevel: INFO
2026-03-10T23:02:47.7684417Z Establishing network.
2026-03-10T23:02:47.7769646Z Pulling image: appsvc/node:20-lts_20260115.4.tuxprod.
2026-03-10T23:03:27.7176831Z Container is starting.
2026-03-10T23:03:27.7272407Z State: Starting, Action: MountingVolumes, LastError: ContainerTimeout, LastErrorTimestamp: 03/10/2026 22:28:47, LastErrorDetails: Container did not start within expected time limit of 230s. Please inspect your container logs for more details., Details: Mounting volumes for azappeqxshezlak6lk., DetailsLevel: INFO
2026-03-10T23:03:27.7277689Z Establishing user namespace if not established already.
2026-03-10T23:03:27.7285601Z Establishing network if not established already.
2026-03-10T23:03:27.7290645Z Mounting volumes.
2026-03-10T23:03:27.7300067Z Nested mountpoint site/wwwroot
2026-03-10T23:03:27.7768699Z Nested mountpoint volatile/logs
2026-03-10T23:03:27.7788338Z Nested mountpoint 
2026-03-10T23:03:27.8672437Z Nested mountpoint 
2026-03-10T23:03:27.9569630Z Nested mountpoint 
2026-03-10T23:03:27.9789552Z Nested mountpoint 
2026-03-10T23:03:28.5560785Z State: Starting, Action: CreatingContainer, LastError: ContainerTimeout, LastErrorTimestamp: 03/10/2026 22:28:47, LastErrorDetails: Container did not start within expected time limit of 230s. Please inspect your container logs for more details., Details: Finished pulling container image and mounting volumes for azappeqxshezlak6lk. Allocatinng the rest of the container resources to finish container creation., DetailsLevel: INFO
2026-03-10T23:03:28.5561524Z Creating container.
2026-03-10T23:03:28.5564859Z Creating pipes for streaming container io.
2026-03-10T23:03:28.5565837Z Creating stdout named pipe at /podr/container/pipe/b507192e9b31_azappeqxshezlak6lk/stdout_f380998e917f4488bf18ce080abe56b0.
2026-03-10T23:03:28.5567110Z Successfully created stdout named pipe at: /podr/container/pipe/b507192e9b31_azappeqxshezlak6lk/stdout_f380998e917f4488bf18ce080abe56b0.
2026-03-10T23:03:28.5567661Z Opening named pipe /podr/container/pipe/b507192e9b31_azappeqxshezlak6lk/stdout_f380998e917f4488bf18ce080abe56b0 for reading in non-blocking mode.
2026-03-10T23:03:28.5568298Z Successfully opened named pipe: /podr/container/pipe/b507192e9b31_azappeqxshezlak6lk/stdout_f380998e917f4488bf18ce080abe56b0.
2026-03-10T23:03:28.5568776Z Successfully removed non-blocking flag from /podr/container/pipe/b507192e9b31_azappeqxshezlak6lk/stdout_f380998e917f4488bf18ce080abe56b0.
2026-03-10T23:03:28.5583747Z Creating stderr named pipe at /podr/container/pipe/b507192e9b31_azappeqxshezlak6lk/stderr_8df90b299fc94453aa8cf6618db056b7.
2026-03-10T23:03:28.5753328Z Successfully created stderr named pipe at: /podr/container/pipe/b507192e9b31_azappeqxshezlak6lk/stderr_8df90b299fc94453aa8cf6618db056b7.
2026-03-10T23:03:28.5756477Z Opening named pipe /podr/container/pipe/b507192e9b31_azappeqxshezlak6lk/stderr_8df90b299fc94453aa8cf6618db056b7 for reading in non-blocking mode.
2026-03-10T23:03:28.5762689Z Successfully opened named pipe: /podr/container/pipe/b507192e9b31_azappeqxshezlak6lk/stderr_8df90b299fc94453aa8cf6618db056b7.
2026-03-10T23:03:28.5767523Z Successfully removed non-blocking flag from /podr/container/pipe/b507192e9b31_azappeqxshezlak6lk/stderr_8df90b299fc94453aa8cf6618db056b7.
2026-03-10T23:03:28.5773532Z Creating container with image: appsvc/node:20-lts_20260115.4.tuxprod from registry: mcr.microsoft.com and fully qualified image name: mcr.microsoft.com/appsvc/node:20-lts_20260115.4.tuxprod
2026-03-10T23:03:28.9810850Z Starting container: b507192e9b31_azappeqxshezlak6lk.
2026-03-10T23:03:29.0496338Z Starting watchers and probes.
2026-03-10T23:03:29.0581667Z Starting metrics collection.
2026-03-10T23:03:29.0584955Z Container is running.
2026-03-10T23:03:29.0586841Z State: Starting, Action: CreatingContainer, LastError: ContainerTimeout, LastErrorTimestamp: 03/10/2026 22:28:47, LastErrorDetails: Container did not start within expected time limit of 230s. Please inspect your container logs for more details., Details: Container azappeqxshezlak6lk successfully created and is running., DetailsLevel: INFO
2026-03-10T23:03:29.1675258Z Container start method finished after 41391 ms.
2026-03-10T23:03:29.1677338Z State: Starting, Action: InitiatingSiteWarmUpProbe, LastError: ContainerTimeout, LastErrorTimestamp: 03/10/2026 22:28:47, LastErrorDetails: Container did not start within expected time limit of 230s. Please inspect your container logs for more details., Details: Container azappeqxshezlak6lk successfully created and is running., DetailsLevel: INFO
2026-03-10T23:03:29.1677685Z State: Starting, Action: WaitingForSiteWarmUpProbeSuccess, LastError: ContainerTimeout, LastErrorTimestamp: 03/10/2026 22:28:47, LastErrorDetails: Container did not start within expected time limit of 230s. Please inspect your container logs for more details., Details: Pinging warmup path to ensure container is ready to receive requests., DetailsLevel: INFO
2026-03-10T23:03:51.2544113Z Container has finished running with exit code: 1.
2026-03-10T23:03:51.2547594Z Container is terminating. Grace period: 5 seconds.
2026-03-10T23:03:51.2721535Z Stop and delete container. Retry count = 0
2026-03-10T23:03:51.2725606Z Stopping container: b507192e9b31_azappeqxshezlak6lk.
2026-03-10T23:03:51.3317842Z Deleting container: b507192e9b31_azappeqxshezlak6lk. Retry count = 0
2026-03-10T23:03:51.5624275Z Container spec TerminationMessagePolicy  path 
2026-03-10T23:03:51.5639689Z Container is terminated. Total time elapsed: 299 ms.
2026-03-10T23:03:51.5649143Z Site container: azappeqxshezlak6lk terminated during site startup.
2026-03-10T23:03:51.5722306Z State: Stopping, Action: CancellingStartup, LastError: ContainerTimeout, LastErrorTimestamp: 03/10/2026 22:28:47, LastErrorDetails: Container did not start within expected time limit of 230s. Please inspect your container logs for more details., Details: Site container: azappeqxshezlak6lk terminated during site startup. Cancelling site startup., DetailsLevel: ERR
2026-03-10T23:03:51.6045553Z Site startup probe failed after 22.1851908 seconds.
2026-03-10T23:03:51.7437231Z State: Stopping, Action: CancellingStartup, LastError: ContainerTimeout, LastErrorTimestamp: 03/10/2026 23:03:51, LastErrorDetails: Container did not start within expected time limit of 230s. Please inspect your container logs for more details., Details: Site container: azappeqxshezlak6lk terminated during site startup. Cancelling site startup., DetailsLevel: ERR
2026-03-10T23:03:51.7725992Z Failed to start site. Revert by stopping site.
2026-03-10T23:03:51.7752717Z State: Stopping, Action: StoppingSite, LastError: ContainerTimeout, LastErrorTimestamp: 03/10/2026 23:03:51, LastErrorDetails: Container did not start within expected time limit of 230s. Please inspect your container logs for more details., Details: Site container: azappeqxshezlak6lk terminated during site startup. Cancelling site startup., DetailsLevel: ERR
2026-03-10T23:03:51.7759051Z State: Stopping, Action: StoppingSiteContainers, LastError: ContainerTimeout, LastErrorTimestamp: 03/10/2026 23:03:51, LastErrorDetails: Container did not start within expected time limit of 230s. Please inspect your container logs for more details., Details: Site container: azappeqxshezlak6lk terminated during site startup. Cancelling site startup., DetailsLevel: ERR
2026-03-10T23:03:51.7818226Z Site: azappeqxshezlak6lk stopped.
2026-03-10T23:03:51.7927784Z State: Stopping, Action: UnmountingVolumes, LastError: ContainerTimeout, LastErrorTimestamp: 03/10/2026 23:03:51, LastErrorDetails: Container did not start within expected time limit of 230s. Please inspect your container logs for more details., Details: Site container: azappeqxshezlak6lk terminated during site startup. Cancelling site startup., DetailsLevel: ERR
2026-03-10T23:03:52.5480681Z Site container: azappeqxshezlak6lk_managedIdentity terminated during site startup.
2026-03-10T23:03:52.5484095Z State: Stopping, Action: UnmountingVolumes, LastError: ContainerTimeout, LastErrorTimestamp: 03/10/2026 23:03:51, LastErrorDetails: Container did not start within expected time limit of 230s. Please inspect your container logs for more details., Details: Site container: azappeqxshezlak6lk terminated during site startup. Cancelling site startup., DetailsLevel: ERR
2026-03-10T23:03:52.6567960Z State: Stopping, Action: StoppingSiteNetworks, LastError: ContainerTimeout, LastErrorTimestamp: 03/10/2026 23:03:51, LastErrorDetails: Container did not start within expected time limit of 230s. Please inspect your container logs for more details., Details: Site container: azappeqxshezlak6lk terminated during site startup. Cancelling site startup., DetailsLevel: ERR
2026-03-10T23:03:52.8687706Z Site: azappeqxshezlak6lk will be blocked for 2 minutes till 03/10/2026 23:05:52
2026-03-10T23:03:52.8692012Z State: Blocked, Action: StoppingSiteNetworks, LastError: ContainerTimeout, LastErrorTimestamp: 03/10/2026 23:03:51, LastErrorDetails: Container did not start within expected time limit of 230s. Please inspect your container logs for more details., Details: Site: azappeqxshezlak6lk will be blocked for 2 minutes till 03/10/2026 23:05:52, DetailsLevel: WARN
2026-03-10T23:03:52.8782594Z State: Stopped, Action: None, LastError: ContainerTimeout, LastErrorTimestamp: 03/10/2026 23:03:51, LastErrorDetails: Container did not start within expected time limit of 230s. Please inspect your container logs for more details., Details: Site stopped at 03/10/2026 23:03:52 (UTC), DetailsLevel: WARN
2026-03-10T23:03:52.9765060Z State: Stopped, Action: None, LastError: ContainerTimeout, LastErrorTimestamp: 03/10/2026 23:03:51, LastErrorDetails: Container did not start within expected time limit of 230s. Please inspect your container logs for more details., Details: Site stopped at 03/10/2026 23:03:52 (UTC), DetailsLevel: WARN
2026-03-10T23:05:52.8666301Z Site: azappeqxshezlak6lk is unblocked.
2026-03-10T23:37:40.6003084Z State: Starting, Action: EstablishingSiteNetworks, LastError: ContainerTimeout, LastErrorTimestamp: 03/10/2026 23:03:51, LastErrorDetails: Container did not start within expected time limit of 230s. Please inspect your container logs for more details., Details: Site stopped at 03/10/2026 23:03:52 (UTC), DetailsLevel: WARN
2026-03-10T23:37:42.4806123Z State: Starting, Action: StartingMsiContainer, LastError: ContainerTimeout, LastErrorTimestamp: 03/10/2026 23:03:51, LastErrorDetails: Container did not start within expected time limit of 230s. Please inspect your container logs for more details., Details: Site stopped at 03/10/2026 23:03:52 (UTC), DetailsLevel: WARN
2026-03-10T23:37:50.1553753Z State: Starting, Action: StartingSiteContainers, LastError: ContainerTimeout, LastErrorTimestamp: 03/10/2026 23:03:51, LastErrorDetails: Container did not start within expected time limit of 230s. Please inspect your container logs for more details., Details: Site stopped at 03/10/2026 23:03:52 (UTC), DetailsLevel: WARN
2026-03-10T23:37:50.1556835Z Container start method called.
2026-03-10T23:37:50.1557410Z State: Starting, Action: PullingImage, LastError: ContainerTimeout, LastErrorTimestamp: 03/10/2026 23:03:51, LastErrorDetails: Container did not start within expected time limit of 230s. Please inspect your container logs for more details., Details: Pulling image mcr.microsoft.com/appsvc/node:20-lts_20260115.4.tuxprod for azappeqxshezlak6lk., DetailsLevel: INFO
2026-03-10T23:37:50.1558271Z Establishing network.
2026-03-10T23:37:50.1559071Z Pulling image: appsvc/node:20-lts_20260115.4.tuxprod.
2026-03-10T23:38:32.6892743Z Container is starting.
2026-03-10T23:38:32.6987524Z State: Starting, Action: MountingVolumes, LastError: ContainerTimeout, LastErrorTimestamp: 03/10/2026 23:03:51, LastErrorDetails: Container did not start within expected time limit of 230s. Please inspect your container logs for more details., Details: Mounting volumes for azappeqxshezlak6lk., DetailsLevel: INFO
2026-03-10T23:38:32.6991345Z Establishing user namespace if not established already.
2026-03-10T23:38:32.6992574Z Establishing network if not established already.
2026-03-10T23:38:32.6997181Z Mounting volumes.
2026-03-10T23:38:32.7001451Z Nested mountpoint site/wwwroot
2026-03-10T23:38:32.7237118Z Nested mountpoint volatile/logs
2026-03-10T23:38:32.7541218Z Nested mountpoint 
2026-03-10T23:38:32.7631602Z Nested mountpoint 
2026-03-10T23:38:32.8221653Z Nested mountpoint 
2026-03-10T23:38:32.8547440Z Nested mountpoint 
2026-03-10T23:38:33.5092302Z State: Starting, Action: CreatingContainer, LastError: ContainerTimeout, LastErrorTimestamp: 03/10/2026 23:03:51, LastErrorDetails: Container did not start within expected time limit of 230s. Please inspect your container logs for more details., Details: Finished pulling container image and mounting volumes for azappeqxshezlak6lk. Allocatinng the rest of the container resources to finish container creation., DetailsLevel: INFO
2026-03-10T23:38:33.5093348Z Creating container.
2026-03-10T23:38:33.5179084Z Creating pipes for streaming container io.
2026-03-10T23:38:33.5269019Z Creating stdout named pipe at /podr/container/pipe/49ef45584a0c_azappeqxshezlak6lk/stdout_f85c6105438e457bbaa8a8dd963b6ef9.
2026-03-10T23:38:33.5284031Z Successfully created stdout named pipe at: /podr/container/pipe/49ef45584a0c_azappeqxshezlak6lk/stdout_f85c6105438e457bbaa8a8dd963b6ef9.
2026-03-10T23:38:33.5292493Z Opening named pipe /podr/container/pipe/49ef45584a0c_azappeqxshezlak6lk/stdout_f85c6105438e457bbaa8a8dd963b6ef9 for reading in non-blocking mode.
2026-03-10T23:38:33.5380553Z Successfully opened named pipe: /podr/container/pipe/49ef45584a0c_azappeqxshezlak6lk/stdout_f85c6105438e457bbaa8a8dd963b6ef9.
2026-03-10T23:38:33.5383909Z Successfully removed non-blocking flag from /podr/container/pipe/49ef45584a0c_azappeqxshezlak6lk/stdout_f85c6105438e457bbaa8a8dd963b6ef9.
2026-03-10T23:38:33.5391449Z Creating stderr named pipe at /podr/container/pipe/49ef45584a0c_azappeqxshezlak6lk/stderr_80758d6bf4f24938913de3338cb5bc4f.
2026-03-10T23:38:33.5465184Z Successfully created stderr named pipe at: /podr/container/pipe/49ef45584a0c_azappeqxshezlak6lk/stderr_80758d6bf4f24938913de3338cb5bc4f.
2026-03-10T23:38:33.5467302Z Opening named pipe /podr/container/pipe/49ef45584a0c_azappeqxshezlak6lk/stderr_80758d6bf4f24938913de3338cb5bc4f for reading in non-blocking mode.
2026-03-10T23:38:33.5468270Z Successfully opened named pipe: /podr/container/pipe/49ef45584a0c_azappeqxshezlak6lk/stderr_80758d6bf4f24938913de3338cb5bc4f.
2026-03-10T23:38:33.5468781Z Successfully removed non-blocking flag from /podr/container/pipe/49ef45584a0c_azappeqxshezlak6lk/stderr_80758d6bf4f24938913de3338cb5bc4f.
2026-03-10T23:38:33.5469732Z Creating container with image: appsvc/node:20-lts_20260115.4.tuxprod from registry: mcr.microsoft.com and fully qualified image name: mcr.microsoft.com/appsvc/node:20-lts_20260115.4.tuxprod
2026-03-10T23:38:34.1274261Z Starting container: 49ef45584a0c_azappeqxshezlak6lk.
2026-03-10T23:38:34.2982546Z Starting watchers and probes.
2026-03-10T23:38:34.2997869Z Starting metrics collection.
2026-03-10T23:38:34.3101486Z Container is running.
2026-03-10T23:38:34.3174705Z State: Starting, Action: CreatingContainer, LastError: ContainerTimeout, LastErrorTimestamp: 03/10/2026 23:03:51, LastErrorDetails: Container did not start within expected time limit of 230s. Please inspect your container logs for more details., Details: Container azappeqxshezlak6lk successfully created and is running., DetailsLevel: INFO
2026-03-10T23:38:34.4788986Z Container start method finished after 44264 ms.
2026-03-10T23:38:34.5303835Z State: Starting, Action: InitiatingSiteWarmUpProbe, LastError: ContainerTimeout, LastErrorTimestamp: 03/10/2026 23:03:51, LastErrorDetails: Container did not start within expected time limit of 230s. Please inspect your container logs for more details., Details: Container azappeqxshezlak6lk successfully created and is running., DetailsLevel: INFO
2026-03-10T23:38:34.5482739Z State: Starting, Action: WaitingForSiteWarmUpProbeSuccess, LastError: ContainerTimeout, LastErrorTimestamp: 03/10/2026 23:03:51, LastErrorDetails: Container did not start within expected time limit of 230s. Please inspect your container logs for more details., Details: Pinging warmup path to ensure container is ready to receive requests., DetailsLevel: INFO
2026-03-10T23:38:50.2148876Z Container has finished running with exit code: 1.
2026-03-10T23:38:50.2188012Z Container is terminating. Grace period: 5 seconds.
2026-03-10T23:38:50.2215409Z Stop and delete container. Retry count = 0
2026-03-10T23:38:50.2295474Z Stopping container: 49ef45584a0c_azappeqxshezlak6lk.
2026-03-10T23:38:50.3102246Z Deleting container: 49ef45584a0c_azappeqxshezlak6lk. Retry count = 0
2026-03-10T23:38:50.4740819Z Container spec TerminationMessagePolicy  path 
2026-03-10T23:38:50.4815136Z Container is terminated. Total time elapsed: 261 ms.
2026-03-10T23:38:50.4824499Z Site container: azappeqxshezlak6lk terminated during site startup.
2026-03-10T23:38:50.4835733Z State: Stopping, Action: CancellingStartup, LastError: ContainerTimeout, LastErrorTimestamp: 03/10/2026 23:03:51, LastErrorDetails: Container did not start within expected time limit of 230s. Please inspect your container logs for more details., Details: Site container: azappeqxshezlak6lk terminated during site startup. Cancelling site startup., DetailsLevel: ERR
2026-03-10T23:38:50.5214462Z Site startup probe failed after 15.9218529 seconds.
2026-03-10T23:38:50.8620572Z State: Stopping, Action: CancellingStartup, LastError: ContainerTimeout, LastErrorTimestamp: 03/10/2026 23:38:50, LastErrorDetails: Container did not start within expected time limit of 230s. Please inspect your container logs for more details., Details: Site container: azappeqxshezlak6lk terminated during site startup. Cancelling site startup., DetailsLevel: ERR
2026-03-10T23:38:50.8737408Z Failed to start site. Revert by stopping site.
2026-03-10T23:38:50.8815476Z State: Stopping, Action: StoppingSite, LastError: ContainerTimeout, LastErrorTimestamp: 03/10/2026 23:38:50, LastErrorDetails: Container did not start within expected time limit of 230s. Please inspect your container logs for more details., Details: Site container: azappeqxshezlak6lk terminated during site startup. Cancelling site startup., DetailsLevel: ERR
2026-03-10T23:38:50.8924959Z State: Stopping, Action: StoppingSiteContainers, LastError: ContainerTimeout, LastErrorTimestamp: 03/10/2026 23:38:50, LastErrorDetails: Container did not start within expected time limit of 230s. Please inspect your container logs for more details., Details: Site container: azappeqxshezlak6lk terminated during site startup. Cancelling site startup., DetailsLevel: ERR
2026-03-10T23:38:50.8930813Z Site: azappeqxshezlak6lk stopped.
